{
    "metrics": {
        "http_req_tls_handshaking": {
            "min": 52.2575,
            "med": 193.4902,
            "max": 850.3612,
            "p(90)": 430.47456,
            "p(95)": 597.9795,
            "avg": 248.82799646666584
        },
        "http_req_blocked": {
            "avg": 611.8825111666667,
            "min": 174.6606,
            "med": 556.1216999999999,
            "max": 1387.7205,
            "p(90)": 828.9073099999999,
            "p(95)": 1180.8285
        },
        "vus": {
            "value": 2975,
            "min": 0,
            "max": 3000
        },
        "data_sent": {
            "count": 2418000,
            "rate": 1067916.2022320596
        },
        "http_req_duration{expected_response:true}": {
            "p(95)": 1315.3369,
            "avg": 1090.8491916333307,
            "min": 148.6699,
            "med": 1122.9764,
            "max": 1419.6324,
            "p(90)": 1273.4951
        },
        "http_req_failed": {
            "passes": 0,
            "fails": 3000,
            "value": 0
        },
        "data_received": {
            "rate": 5748993.053951497,
            "count": 13017000
        },
        "iteration_duration": {
            "max": 2253.3238,
            "p(90)": 2079.23478,
            "p(95)": 2138.47984,
            "avg": 1719.110426700005,
            "min": 1001.2839,
            "med": 1716.5626499999998
        },
        "vus_max": {
            "value": 3000,
            "min": 2562,
            "max": 3000
        },
        "checks": {
            "passes": 3000,
            "fails": 33000,
            "value": 0.08333333333333333
        },
        "http_req_waiting": {
            "avg": 1089.575558166667,
            "min": 146.6693,
            "med": 1121.95915,
            "max": 1418.037,
            "p(90)": 1272.496,
            "p(95)": 1313.6275
        },
        "http_req_connecting": {
            "min": 37.659,
            "med": 347.87255,
            "max": 842.8076,
            "p(90)": 564.47824,
            "p(95)": 593.136835,
            "avg": 362.58868653333343
        },
        "http_req_sending": {
            "p(95)": 4.003425,
            "avg": 1.2205960000000011,
            "min": 0,
            "med": 0,
            "max": 59.9947,
            "p(90)": 3.0001
        },
        "http_req_receiving": {
            "max": 4.2028,
            "p(90)": 0,
            "p(95)": 0.5133049999999999,
            "avg": 0.05303746666666658,
            "min": 0,
            "med": 0
        },
        "iterations": {
            "count": 3000,
            "rate": 1324.9580672854338
        },
        "http_req_duration": {
            "p(95)": 1315.3369,
            "avg": 1090.8491916333307,
            "min": 148.6699,
            "med": 1122.9764,
            "max": 1419.6324,
            "p(90)": 1273.4951
        },
        "http_reqs": {
            "count": 3000,
            "rate": 1324.9580672854338
        }
    },
    "root_group": {
        "checks": {
            "200 OK": {
                "fails": 0,
                "name": "200 OK",
                "path": "::200 OK",
                "id": "e9654c443eff553da9e69eda7007924e",
                "passes": 3000
            },
            "201 Created": {
                "name": "201 Created",
                "path": "::201 Created",
                "id": "728dcd977aae263ca314731145e1d447",
                "passes": 0,
                "fails": 3000
            },
            "204 No Content": {
                "name": "204 No Content",
                "path": "::204 No Content",
                "id": "54fa3c2eda34e1622fda2da5e0479fc5",
                "passes": 0,
                "fails": 3000
            },
            "400 Bad Request": {
                "id": "eeae81934b9b58bccaf0184a6d070338",
                "passes": 0,
                "fails": 3000,
                "name": "400 Bad Request",
                "path": "::400 Bad Request"
            },
            "401 Unauthorized": {
                "id": "6ae9254e6aefe7f0bafe5102fa7e20a5",
                "passes": 0,
                "fails": 3000,
                "name": "401 Unauthorized",
                "path": "::401 Unauthorized"
            },
            "403 Forbidden": {
                "name": "403 Forbidden",
                "path": "::403 Forbidden",
                "id": "655548b761742c5a7ad15aa7df3a5d9c",
                "passes": 0,
                "fails": 3000
            },
            "404 Not Found": {
                "fails": 3000,
                "name": "404 Not Found",
                "path": "::404 Not Found",
                "id": "df1528f9925ca236bac51008f77b774a",
                "passes": 0
            },
            "429 Too Many Requests": {
                "name": "429 Too Many Requests",
                "path": "::429 Too Many Requests",
                "id": "b810c35b9499cc7342fd415032e3a6aa",
                "passes": 0,
                "fails": 3000
            },
            "500 Internal Server Error": {
                "name": "500 Internal Server Error",
                "path": "::500 Internal Server Error",
                "id": "3cd96245b24e869810efe46d533b0eef",
                "passes": 0,
                "fails": 3000
            },
            "502 Bad Gateway": {
                "path": "::502 Bad Gateway",
                "id": "712cb0ec189a11f31f0d6d0c0031b569",
                "passes": 0,
                "fails": 3000,
                "name": "502 Bad Gateway"
            },
            "503 Service Unavailable": {
                "name": "503 Service Unavailable",
                "path": "::503 Service Unavailable",
                "id": "f1ea1a22be0dc738c385523a66ea1cd9",
                "passes": 0,
                "fails": 3000
            },
            "504 Gateway Timeout": {
                "fails": 3000,
                "name": "504 Gateway Timeout",
                "path": "::504 Gateway Timeout",
                "id": "218efb729cb654723ccd57c6ebbebe29",
                "passes": 0
            }
        },
        "name": "",
        "path": "",
        "id": "d41d8cd98f00b204e9800998ecf8427e",
        "groups": {}
    }
}