{
    "metrics": {
        "http_req_failed": {
            "passes": 15,
            "fails": 11985,
            "value": 0.00125
        },
        "iteration_duration": {
            "max": 17397.7878,
            "p(90)": 16209.863140000001,
            "p(95)": 16280.16332,
            "avg": 15709.87327327506,
            "min": 14588.8683,
            "med": 15710.854
        },
        "vus": {
            "value": 27,
            "min": 0,
            "max": 12000
        },
        "http_reqs": {
            "count": 12000,
            "rate": 681.4725319803559
        },
        "checks": {
            "passes": 12000,
            "fails": 132000,
            "value": 0.08333333333333333
        },
        "http_req_receiving": {
            "med": 0,
            "max": 35.9973,
            "p(90)": 0.027380000000000293,
            "p(95)": 0.5402,
            "avg": 0.08830580000000002,
            "min": 0
        },
        "http_req_connecting": {
            "p(90)": 1012.79474,
            "p(95)": 1026.7956,
            "avg": 908.1795867916538,
            "min": 297.9896,
            "med": 938.0585,
            "max": 9132.199
        },
        "http_req_duration{expected_response:true}": {
            "avg": 13426.53472332912,
            "min": 8414.4849,
            "med": 13426.4258,
            "max": 13936.1088,
            "p(90)": 13826.52456,
            "p(95)": 13881.47268
        },
        "http_req_blocked": {
            "p(90)": 2501.5467,
            "p(95)": 2554.130235,
            "avg": 2286.974218091657,
            "min": 1343.784,
            "med": 2291.8831,
            "max": 14687.7446
        },
        "data_received": {
            "count": 52058355,
            "rate": 2956361.5827151854
        },
        "http_req_sending": {
            "min": 0,
            "med": 0.9994,
            "max": 85.8189,
            "p(90)": 10.2014,
            "p(95)": 15.6342,
            "avg": 3.0181226583333514
        },
        "iterations": {
            "count": 12000,
            "rate": 681.4725319803559
        },
        "vus_max": {
            "value": 12000,
            "min": 2715,
            "max": 12000
        },
        "http_req_duration": {
            "p(90)": 13825.905719999999,
            "p(95)": 13881.384855,
            "avg": 13410.792117549956,
            "min": 739.0364,
            "med": 13426.2622,
            "max": 13936.1088
        },
        "http_req_tls_handshaking": {
            "p(90)": 1504.4164,
            "p(95)": 1544.7158649999997,
            "avg": 1113.7174599666655,
            "min": 658.721,
            "med": 1140.0971,
            "max": 5290.7469
        },
        "http_req_waiting": {
            "max": 13930.2027,
            "p(90)": 13823.807359999999,
            "p(95)": 13877.336464999998,
            "avg": 13407.68568909154,
            "min": 737.0365,
            "med": 13423.81235
        },
        "data_sent": {
            "count": 9672360,
            "rate": 549287.3049521263
        }
    },
    "root_group": {
        "name": "",
        "path": "",
        "id": "d41d8cd98f00b204e9800998ecf8427e",
        "groups": {},
        "checks": {
                "200 OK": {
                    "name": "200 OK",
                    "path": "::200 OK",
                    "id": "e9654c443eff553da9e69eda7007924e",
                    "passes": 12000,
                    "fails": 0
                },
                "201 Created": {
                    "name": "201 Created",
                    "path": "::201 Created",
                    "id": "728dcd977aae263ca314731145e1d447",
                    "passes": 0,
                    "fails": 12000
                },
                "204 No Content": {
                    "fails": 12000,
                    "name": "204 No Content",
                    "path": "::204 No Content",
                    "id": "54fa3c2eda34e1622fda2da5e0479fc5",
                    "passes": 0
                },
                "400 Bad Request": {
                    "name": "400 Bad Request",
                    "path": "::400 Bad Request",
                    "id": "eeae81934b9b58bccaf0184a6d070338",
                    "passes": 0,
                    "fails": 12000
                },
                "401 Unauthorized": {
                    "name": "401 Unauthorized",
                    "path": "::401 Unauthorized",
                    "id": "6ae9254e6aefe7f0bafe5102fa7e20a5",
                    "passes": 0,
                    "fails": 12000
                },
                "403 Forbidden": {
                    "name": "403 Forbidden",
                    "path": "::403 Forbidden",
                    "id": "655548b761742c5a7ad15aa7df3a5d9c",
                    "passes": 0,
                    "fails": 12000
                },
                "404 Not Found": {
                    "fails": 12000,
                    "name": "404 Not Found",
                    "path": "::404 Not Found",
                    "id": "df1528f9925ca236bac51008f77b774a",
                    "passes": 0
                },
                "429 Too Many Requests": {
                    "name": "429 Too Many Requests",
                    "path": "::429 Too Many Requests",
                    "id": "b810c35b9499cc7342fd415032e3a6aa",
                    "passes": 0,
                    "fails": 12000
                },
                "500 Internal Server Error": {
                    "path": "::500 Internal Server Error",
                    "id": "3cd96245b24e869810efe46d533b0eef",
                    "passes": 0,
                    "fails": 12000,
                    "name": "500 Internal Server Error"
                },
                "502 Bad Gateway": {
                    "fails": 12000,
                    "name": "502 Bad Gateway",
                    "path": "::502 Bad Gateway",
                    "id": "712cb0ec189a11f31f0d6d0c0031b569",
                    "passes": 0
                },
                "503 Service Unavailable": {
                    "name": "503 Service Unavailable",
                    "path": "::503 Service Unavailable",
                    "id": "f1ea1a22be0dc738c385523a66ea1cd9",
                    "passes": 0,
                    "fails": 12000
                },
                "504 Gateway Timeout": {
                    "fails": 12000,
                    "name": "504 Gateway Timeout",
                    "path": "::504 Gateway Timeout",
                    "id": "218efb729cb654723ccd57c6ebbebe29",
                    "passes": 0
                }
            }
    }
}