{
    "metrics": {
        "http_req_failed": {
            "passes": 0,
            "fails": 2000,
            "value": 0
        },
        "vus_max": {
            "value": 2000,
            "min": 1328,
            "max": 2000
        },
        "http_req_duration": {
            "min": 332.8897,
            "med": 3320.1270999999997,
            "max": 5252.0409,
            "p(90)": 4116.49969,
            "p(95)": 4293.14716,
            "avg": 2977.629146050002
        },
        "http_req_blocked": {
            "p(90)": 1752.6412200000002,
            "p(95)": 1848.2721499999998,
            "avg": 1274.3345535999997,
            "min": 84.4103,
            "med": 1301.9341,
            "max": 6723.6135
        },
        "http_req_tls_handshaking": {
            "min": 8.9997,
            "med": 501.66335,
            "max": 1064.3195,
            "p(90)": 886.4988,
            "p(95)": 944.3154049999999,
            "avg": 505.3745912499986
        },
        "vus": {
            "max": 2000,
            "value": 1911,
            "min": 0
        },
        "http_reqs": {
            "count": 2000,
            "rate": 250.55194400935753
        },
        "http_req_sending": {
            "p(95)": 3653.430065,
            "avg": 2296.219530249996,
            "min": 172.6472,
            "med": 2394.6566000000003,
            "max": 4543.0521,
            "p(90)": 3499.19843
        },
        "http_req_receiving": {
            "avg": 0.10821514999999994,
            "min": 0,
            "med": 0,
            "max": 9.9997,
            "p(90)": 0.20533000000000018,
            "p(95)": 0.9981
        },
        "data_received": {
            "count": 8154000,
            "rate": 1021500.2757261506
        },
        "iteration_duration": {
            "med": 6412.71775,
            "max": 7777.1155,
            "p(90)": 7352.00089,
            "p(95)": 7475.327265,
            "avg": 5837.339789350002,
            "min": 1022.2789
        },
        "http_req_waiting": {
            "p(90)": 1366.27648,
            "p(95)": 1625.354885,
            "avg": 681.301400649999,
            "min": 36.5402,
            "med": 526.75695,
            "max": 2311.1965
        },
        "http_req_connecting": {
            "avg": 288.69566314999975,
            "min": 44.0737,
            "med": 98.022,
            "max": 1063.8739,
            "p(90)": 750.0336,
            "p(95)": 815.7195449999998
        },
        "data_sent": {
            "count": 2102038893,
            "rate": 263334965.51221395
        },
        "checks": {
            "fails": 22000,
            "passes": 2000,
            "value": 0.08333333333333333
        },
        "http_req_duration{expected_response:true}": {
            "avg": 2977.629146050002,
            "min": 332.8897,
            "med": 3320.1270999999997,
            "max": 5252.0409,
            "p(90)": 4116.49969,
            "p(95)": 4293.14716
        },
        "iterations": {
            "count": 2000,
            "rate": 250.55194400935753
        }
    },
    "root_group": {
        "name": "",
        "path": "",
        "id": "d41d8cd98f00b204e9800998ecf8427e",
        "groups": {},
        "checks": {
                "200 OK": {
                    "path": "::200 OK",
                    "id": "e9654c443eff553da9e69eda7007924e",
                    "passes": 2000,
                    "fails": 0,
                    "name": "200 OK"
                },
                "201 Created": {
                    "name": "201 Created",
                    "path": "::201 Created",
                    "id": "728dcd977aae263ca314731145e1d447",
                    "passes": 0,
                    "fails": 2000
                },
                "204 No Content": {
                    "name": "204 No Content",
                    "path": "::204 No Content",
                    "id": "54fa3c2eda34e1622fda2da5e0479fc5",
                    "passes": 0,
                    "fails": 2000
                },
                "400 Bad Request": {
                    "name": "400 Bad Request",
                    "path": "::400 Bad Request",
                    "id": "eeae81934b9b58bccaf0184a6d070338",
                    "passes": 0,
                    "fails": 2000
                },
                "401 Unauthorized": {
                    "name": "401 Unauthorized",
                    "path": "::401 Unauthorized",
                    "id": "6ae9254e6aefe7f0bafe5102fa7e20a5",
                    "passes": 0,
                    "fails": 2000
                },
                "403 Forbidden": {
                    "fails": 2000,
                    "name": "403 Forbidden",
                    "path": "::403 Forbidden",
                    "id": "655548b761742c5a7ad15aa7df3a5d9c",
                    "passes": 0
                },
                "404 Not Found": {
                    "path": "::404 Not Found",
                    "id": "df1528f9925ca236bac51008f77b774a",
                    "passes": 0,
                    "fails": 2000,
                    "name": "404 Not Found"
                },
                "429 Too Many Requests": {
                    "id": "b810c35b9499cc7342fd415032e3a6aa",
                    "passes": 0,
                    "fails": 2000,
                    "name": "429 Too Many Requests",
                    "path": "::429 Too Many Requests"
                },
                "500 Internal Server Error": {
                    "name": "500 Internal Server Error",
                    "path": "::500 Internal Server Error",
                    "id": "3cd96245b24e869810efe46d533b0eef",
                    "passes": 0,
                    "fails": 2000
                },
                "502 Bad Gateway": {
                    "path": "::502 Bad Gateway",
                    "id": "712cb0ec189a11f31f0d6d0c0031b569",
                    "passes": 0,
                    "fails": 2000,
                    "name": "502 Bad Gateway"
                },
                "503 Service Unavailable": {
                    "fails": 2000,
                    "name": "503 Service Unavailable",
                    "path": "::503 Service Unavailable",
                    "id": "f1ea1a22be0dc738c385523a66ea1cd9",
                    "passes": 0
                },
                "504 Gateway Timeout": {
                    "name": "504 Gateway Timeout",
                    "path": "::504 Gateway Timeout",
                    "id": "218efb729cb654723ccd57c6ebbebe29",
                    "passes": 0,
                    "fails": 2000
                }
            }
    }
}