{
    "metrics": {
        "http_req_failed": {
            "fails": 5917,
            "passes": 83,
            "value": 0.013833333333333333
        },
        "iteration_duration": {
            "p(90)": 8869.429450000001,
            "p(95)": 9370.11366,
            "avg": 7794.684259183338,
            "min": 1194.6162,
            "med": 7652.99305,
            "max": 60168.1029
        },
        "iterations": {
            "count": 6000,
            "rate": 98.28120778719749
        },
        "http_req_duration{expected_response:true}": {
            "p(95)": 8089.61594,
            "avg": 5985.081961754273,
            "min": 377.3773,
            "med": 6524.0932,
            "max": 12137.9194,
            "p(90)": 7697.74452
        },
        "data_sent": {
            "count": 5029992,
            "rate": 82392.28148665685
        },
        "data_received": {
            "count": 1360396471,
            "rate": 22283568.039886866
        },
        "vus_max": {
            "value": 6000,
            "min": 2473,
            "max": 6000
        },
        "http_req_blocked": {
            "min": 348.1279,
            "med": 1067.9701,
            "max": 1552.5908,
            "p(90)": 1139.0631899999998,
            "p(95)": 1157.08512,
            "avg": 1066.5591587999927
        },
        "checks": {
            "passes": 6000,
            "fails": 66000,
            "value": 0.08333333333333333
        },
        "http_req_connecting": {
            "avg": 570.0088404333354,
            "min": 82.2818,
            "med": 594.5916,
            "max": 822.7349,
            "p(90)": 734.73109,
            "p(95)": 745.96193
        },
        "vus": {
            "value": 46,
            "min": 0,
            "max": 5997
        },
        "http_req_sending": {
            "max": 58.562,
            "p(90)": 7.7803,
            "p(95)": 15.6249,
            "avg": 2.5721741499999955,
            "min": 0,
            "med": 1
        },
        "http_req_receiving": {
            "avg": 1795.74413325,
            "min": 0,
            "med": 1076.1556999999998,
            "max": 54272.8275,
            "p(90)": 2339.51459,
            "p(95)": 3232.72017
        },
        "http_req_waiting": {
            "p(90)": 5930.9647,
            "p(95)": 6043.6503649999995,
            "avg": 4919.057262333334,
            "min": 374.372,
            "med": 4866.601500000001,
            "max": 59023.9214
        },
        "http_req_tls_handshaking": {
            "max": 885.4686,
            "p(90)": 754.1034900000001,
            "p(95)": 768.9139,
            "avg": 496.19143720000073,
            "min": 91.9205,
            "med": 403.92895
        },
        "http_reqs": {
            "count": 6000,
            "rate": 98.28120778719749
        },
        "http_req_duration": {
            "avg": 6717.373569733339,
            "min": 377.3773,
            "med": 6546.8225999999995,
            "max": 59030.9218,
            "p(90)": 7788.140770000001,
            "p(95)": 8281.159155000001
        }
    },
    "root_group": {
        "name": "",
        "path": "",
        "id": "d41d8cd98f00b204e9800998ecf8427e",
        "groups": {},
        "checks": {
                "200 OK": {
                    "name": "200 OK",
                    "path": "::200 OK",
                    "id": "e9654c443eff553da9e69eda7007924e",
                    "passes": 6000,
                    "fails": 0
                },
                "201 Created": {
                    "fails": 6000,
                    "name": "201 Created",
                    "path": "::201 Created",
                    "id": "728dcd977aae263ca314731145e1d447",
                    "passes": 0
                },
                "204 No Content": {
                    "path": "::204 No Content",
                    "id": "54fa3c2eda34e1622fda2da5e0479fc5",
                    "passes": 0,
                    "fails": 6000,
                    "name": "204 No Content"
                },
                "400 Bad Request": {
                    "passes": 0,
                    "fails": 6000,
                    "name": "400 Bad Request",
                    "path": "::400 Bad Request",
                    "id": "eeae81934b9b58bccaf0184a6d070338"
                },
                "401 Unauthorized": {
                    "name": "401 Unauthorized",
                    "path": "::401 Unauthorized",
                    "id": "6ae9254e6aefe7f0bafe5102fa7e20a5",
                    "passes": 0,
                    "fails": 6000
                },
                "403 Forbidden": {
                    "name": "403 Forbidden",
                    "path": "::403 Forbidden",
                    "id": "655548b761742c5a7ad15aa7df3a5d9c",
                    "passes": 0,
                    "fails": 6000
                },
                "404 Not Found": {
                    "name": "404 Not Found",
                    "path": "::404 Not Found",
                    "id": "df1528f9925ca236bac51008f77b774a",
                    "passes": 0,
                    "fails": 6000
                },
                "429 Too Many Requests": {
                    "passes": 0,
                    "fails": 6000,
                    "name": "429 Too Many Requests",
                    "path": "::429 Too Many Requests",
                    "id": "b810c35b9499cc7342fd415032e3a6aa"
                },
                "500 Internal Server Error": {
                    "name": "500 Internal Server Error",
                    "path": "::500 Internal Server Error",
                    "id": "3cd96245b24e869810efe46d533b0eef",
                    "passes": 0,
                    "fails": 6000
                },
                "502 Bad Gateway": {
                    "name": "502 Bad Gateway",
                    "path": "::502 Bad Gateway",
                    "id": "712cb0ec189a11f31f0d6d0c0031b569",
                    "passes": 0,
                    "fails": 6000
                },
                "503 Service Unavailable": {
                    "name": "503 Service Unavailable",
                    "path": "::503 Service Unavailable",
                    "id": "f1ea1a22be0dc738c385523a66ea1cd9",
                    "passes": 0,
                    "fails": 6000
                },
                "504 Gateway Timeout": {
                    "name": "504 Gateway Timeout",
                    "path": "::504 Gateway Timeout",
                    "id": "218efb729cb654723ccd57c6ebbebe29",
                    "passes": 0,
                    "fails": 6000
                }
            }
    }
}