{
    "metrics": {
        "vus": {
            "value": 1,
            "min": 0,
            "max": 5000
        },
        "vus_max": {
            "min": 2062,
            "max": 5000,
            "value": 5000
        },
        "http_req_blocked": {
            "min": 293.3999,
            "med": 1068.2721000000001,
            "max": 1479.77,
            "p(90)": 1263.9777,
            "p(95)": 1284.00791,
            "avg": 1070.7116357999996
        },
        "http_req_duration": {
            "avg": 7009.191318359994,
            "min": 2932.286,
            "med": 7337.0069,
            "max": 18243.1126,
            "p(90)": 8307.50674,
            "p(95)": 8925.709545000002
        },
        "http_req_tls_handshaking": {
            "med": 381.5674,
            "max": 1021.7493,
            "p(90)": 687.0057,
            "p(95)": 739.712325,
            "avg": 434.3899401599996,
            "min": 104.0439
        },
        "http_req_failed": {
            "passes": 0,
            "fails": 5000,
            "value": 0
        },
        "data_sent": {
            "count": 4190000,
            "rate": 211874.36262920147
        },
        "checks": {
            "passes": 5000,
            "fails": 55000,
            "value": 0.08333333333333333
        },
        "http_req_duration{expected_response:true}": {
            "avg": 7009.191318359994,
            "min": 2932.286,
            "med": 7337.0069,
            "max": 18243.1126,
            "p(90)": 8307.50674,
            "p(95)": 8925.709545000002
        },
        "iteration_duration": {
            "p(90)": 9431.99605,
            "p(95)": 9976.449855,
            "avg": 8091.861618739992,
            "min": 4087.9257,
            "med": 8371.8449,
            "max": 19334.7777
        },
        "iterations": {
            "count": 5000,
            "rate": 252.83336829260318
        },
        "http_req_connecting": {
            "med": 692.5634,
            "max": 1143.3718,
            "p(90)": 995.4837,
            "p(95)": 1021.0316,
            "avg": 635.8154240399995,
            "min": 130.3441
        },
        "http_reqs": {
            "rate": 252.83336829260318,
            "count": 5000
        },
        "http_req_waiting": {
            "min": 2923.3096,
            "med": 4874.21785,
            "max": 11277.6074,
            "p(90)": 6349.04487,
            "p(95)": 6906.020254999999,
            "avg": 5119.771495699987
        },
        "data_received": {
            "count": 1139229918,
            "rate": 57607067.48552922
        },
        "http_req_receiving": {
            "p(95)": 3747.005045000001,
            "avg": 1888.1439122799977,
            "min": 0,
            "med": 1947.75605,
            "max": 12950.119,
            "p(90)": 3302.5564500000005
        },
        "http_req_sending": {
            "max": 38.9936,
            "p(90)": 3.0041200000000003,
            "p(95)": 10.0203,
            "avg": 1.275910380000001,
            "min": 0,
            "med": 0
        }
    },
    "root_group": {
        "path": "",
        "id": "d41d8cd98f00b204e9800998ecf8427e",
        "groups": {},
        "checks": {
                "200 OK": {
                    "passes": 5000,
                    "fails": 0,
                    "name": "200 OK",
                    "path": "::200 OK",
                    "id": "e9654c443eff553da9e69eda7007924e"
                },
                "201 Created": {
                    "name": "201 Created",
                    "path": "::201 Created",
                    "id": "728dcd977aae263ca314731145e1d447",
                    "passes": 0,
                    "fails": 5000
                },
                "204 No Content": {
                    "id": "54fa3c2eda34e1622fda2da5e0479fc5",
                    "passes": 0,
                    "fails": 5000,
                    "name": "204 No Content",
                    "path": "::204 No Content"
                },
                "400 Bad Request": {
                    "name": "400 Bad Request",
                    "path": "::400 Bad Request",
                    "id": "eeae81934b9b58bccaf0184a6d070338",
                    "passes": 0,
                    "fails": 5000
                },
                "401 Unauthorized": {
                    "name": "401 Unauthorized",
                    "path": "::401 Unauthorized",
                    "id": "6ae9254e6aefe7f0bafe5102fa7e20a5",
                    "passes": 0,
                    "fails": 5000
                },
                "403 Forbidden": {
                    "fails": 5000,
                    "name": "403 Forbidden",
                    "path": "::403 Forbidden",
                    "id": "655548b761742c5a7ad15aa7df3a5d9c",
                    "passes": 0
                },
                "404 Not Found": {
                    "name": "404 Not Found",
                    "path": "::404 Not Found",
                    "id": "df1528f9925ca236bac51008f77b774a",
                    "passes": 0,
                    "fails": 5000
                },
                "429 Too Many Requests": {
                    "name": "429 Too Many Requests",
                    "path": "::429 Too Many Requests",
                    "id": "b810c35b9499cc7342fd415032e3a6aa",
                    "passes": 0,
                    "fails": 5000
                },
                "500 Internal Server Error": {
                    "name": "500 Internal Server Error",
                    "path": "::500 Internal Server Error",
                    "id": "3cd96245b24e869810efe46d533b0eef",
                    "passes": 0,
                    "fails": 5000
                },
                "502 Bad Gateway": {
                    "name": "502 Bad Gateway",
                    "path": "::502 Bad Gateway",
                    "id": "712cb0ec189a11f31f0d6d0c0031b569",
                    "passes": 0,
                    "fails": 5000
                },
                "503 Service Unavailable": {
                    "fails": 5000,
                    "name": "503 Service Unavailable",
                    "path": "::503 Service Unavailable",
                    "id": "f1ea1a22be0dc738c385523a66ea1cd9",
                    "passes": 0
                },
                "504 Gateway Timeout": {
                    "name": "504 Gateway Timeout",
                    "path": "::504 Gateway Timeout",
                    "id": "218efb729cb654723ccd57c6ebbebe29",
                    "passes": 0,
                    "fails": 5000
                }
            },
        "name": ""
    }
}