{
    "metrics": {
        "http_req_duration": {
            "min": 426.159,
            "med": 5612.15175,
            "max": 11142.4285,
            "p(90)": 6524.13307,
            "p(95)": 6980.550825,
            "avg": 5238.62930123636
        },
        "http_req_duration{expected_response:true}": {
            "p(95)": 6980.550825,
            "avg": 5238.62930123636,
            "min": 426.159,
            "med": 5612.15175,
            "max": 11142.4285,
            "p(90)": 6524.13307
        },
        "http_req_connecting": {
            "avg": 492.55942083636273,
            "min": 35.2941,
            "med": 493.9942,
            "max": 736.9316,
            "p(90)": 698.8245,
            "p(95)": 717.4681
        },
        "http_req_sending": {
            "avg": 1.7279931454545447,
            "min": 0,
            "med": 0.9997,
            "max": 41.9995,
            "p(90)": 3.99951,
            "p(95)": 7.9997
        },
        "http_req_waiting": {
            "avg": 4148.244410472735,
            "min": 425.1623,
            "med": 4425.7527,
            "max": 9399.0982,
            "p(90)": 4954.99941,
            "p(95)": 5133.877975
        },
        "http_reqs": {
            "count": 5500,
            "rate": 436.36422376036995
        },
        "http_req_failed": {
            "passes": 0,
            "fails": 5500,
            "value": 0
        },
        "vus": {
            "min": 0,
            "max": 5483,
            "value": 1
        },
        "iteration_duration": {
            "avg": 6122.547604909081,
            "min": 1007.1694,
            "med": 6466.8785,
            "max": 12040.2074,
            "p(90)": 7438.362300000001,
            "p(95)": 7874.23806
        },
        "vus_max": {
            "min": 2360,
            "max": 5500,
            "value": 5500
        },
        "checks": {
            "passes": 5500,
            "fails": 60500,
            "value": 0.08333333333333333
        },
        "http_req_tls_handshaking": {
            "med": 336.1277,
            "max": 708.4728,
            "p(90)": 519.79656,
            "p(95)": 561.5768800000001,
            "avg": 381.4181019090904,
            "min": 250.8148
        },
        "data_received": {
            "count": 1252920966,
            "rate": 99405433.59303325
        },
        "iterations": {
            "rate": 436.36422376036995,
            "count": 5500
        },
        "http_req_blocked": {
            "p(90)": 979.11692,
            "p(95)": 986.1708750000003,
            "avg": 874.172772418181,
            "min": 538.0335,
            "med": 869.53665,
            "max": 1004.1184
        },
        "http_req_receiving": {
            "med": 985.9763,
            "max": 6603.4786,
            "p(90)": 2442.2404300000003,
            "p(95)": 2758.69418,
            "avg": 1088.6568976181816,
            "min": 0
        },
        "data_sent": {
            "count": 4609000,
            "rate": 365673.21951119
        }
    },
    "root_group": {
        "path": "",
        "id": "d41d8cd98f00b204e9800998ecf8427e",
        "groups": {},
        "checks": {
                "200 OK": {
                    "passes": 5500,
                    "fails": 0,
                    "name": "200 OK",
                    "path": "::200 OK",
                    "id": "e9654c443eff553da9e69eda7007924e"
                },
                "201 Created": {
                    "name": "201 Created",
                    "path": "::201 Created",
                    "id": "728dcd977aae263ca314731145e1d447",
                    "passes": 0,
                    "fails": 5500
                },
                "204 No Content": {
                    "passes": 0,
                    "fails": 5500,
                    "name": "204 No Content",
                    "path": "::204 No Content",
                    "id": "54fa3c2eda34e1622fda2da5e0479fc5"
                },
                "400 Bad Request": {
                    "name": "400 Bad Request",
                    "path": "::400 Bad Request",
                    "id": "eeae81934b9b58bccaf0184a6d070338",
                    "passes": 0,
                    "fails": 5500
                },
                "401 Unauthorized": {
                    "name": "401 Unauthorized",
                    "path": "::401 Unauthorized",
                    "id": "6ae9254e6aefe7f0bafe5102fa7e20a5",
                    "passes": 0,
                    "fails": 5500
                },
                "403 Forbidden": {
                    "passes": 0,
                    "fails": 5500,
                    "name": "403 Forbidden",
                    "path": "::403 Forbidden",
                    "id": "655548b761742c5a7ad15aa7df3a5d9c"
                },
                "404 Not Found": {
                    "fails": 5500,
                    "name": "404 Not Found",
                    "path": "::404 Not Found",
                    "id": "df1528f9925ca236bac51008f77b774a",
                    "passes": 0
                },
                "429 Too Many Requests": {
                    "name": "429 Too Many Requests",
                    "path": "::429 Too Many Requests",
                    "id": "b810c35b9499cc7342fd415032e3a6aa",
                    "passes": 0,
                    "fails": 5500
                },
                "500 Internal Server Error": {
                    "name": "500 Internal Server Error",
                    "path": "::500 Internal Server Error",
                    "id": "3cd96245b24e869810efe46d533b0eef",
                    "passes": 0,
                    "fails": 5500
                },
                "502 Bad Gateway": {
                    "name": "502 Bad Gateway",
                    "path": "::502 Bad Gateway",
                    "id": "712cb0ec189a11f31f0d6d0c0031b569",
                    "passes": 0,
                    "fails": 5500
                },
                "503 Service Unavailable": {
                    "name": "503 Service Unavailable",
                    "path": "::503 Service Unavailable",
                    "id": "f1ea1a22be0dc738c385523a66ea1cd9",
                    "passes": 0,
                    "fails": 5500
                },
                "504 Gateway Timeout": {
                    "path": "::504 Gateway Timeout",
                    "id": "218efb729cb654723ccd57c6ebbebe29",
                    "passes": 0,
                    "fails": 5500,
                    "name": "504 Gateway Timeout"
                }
            },
        "name": ""
    }
}