{
    "metrics": {
        "vus_max": {
            "max": 15500,
            "value": 15500,
            "min": 2264
        },
        "http_req_waiting": {
            "p(95)": 11572.805059999999,
            "avg": 10278.40028803225,
            "min": 2019.4272,
            "med": 10342.77695,
            "max": 11760.6898,
            "p(90)": 11298.84576
        },
        "iterations": {
            "count": 15500,
            "rate": 897.2694498710755
        },
        "vus": {
            "value": 2217,
            "min": 0,
            "max": 15500
        },
        "http_req_connecting": {
            "max": 3227.8251,
            "p(90)": 3011.78523,
            "p(95)": 3137.9921,
            "avg": 1881.8180185870872,
            "min": 585.5027,
            "med": 1689.92445
        },
        "checks": {
            "passes": 15500,
            "fails": 170500,
            "value": 0.08333333333333333
        },
        "http_reqs": {
            "count": 15500,
            "rate": 897.2694498710755
        },
        "data_received": {
            "count": 67254500,
            "rate": 3893252.1429905966
        },
        "http_req_tls_handshaking": {
            "avg": 1119.7118003354801,
            "min": 689.6884,
            "med": 956.5421,
            "max": 2967.7761,
            "p(90)": 1546.29906,
            "p(95)": 1945.4892
        },
        "http_req_receiving": {
            "max": 19.0009,
            "p(90)": 0.3011900000000003,
            "p(95)": 0.5372149999999998,
            "avg": 0.09833382580645159,
            "min": 0,
            "med": 0
        },
        "http_req_blocked": {
            "avg": 3032.6204384451876,
            "min": 2088.0941,
            "med": 2725.6518,
            "max": 4456.787,
            "p(90)": 4080.7757500000002,
            "p(95)": 4161.142235
        },
        "data_sent": {
            "count": 12493000,
            "rate": 723199.1765960868
        },
        "http_req_duration": {
            "max": 11760.6898,
            "p(90)": 11300.971179999999,
            "p(95)": 11575.79066,
            "avg": 10279.8486518645,
            "min": 2058.4756,
            "med": 10343.808799999999
        },
        "http_req_duration{expected_response:true}": {
            "p(95)": 11575.79066,
            "avg": 10279.8486518645,
            "min": 2058.4756,
            "med": 10343.808799999999,
            "max": 11760.6898,
            "p(90)": 11300.971179999999
        },
        "http_req_sending": {
            "avg": 1.350030006451619,
            "min": 0,
            "med": 0.9987,
            "max": 39.0484,
            "p(90)": 3.0014,
            "p(95)": 4.059249999999985
        },
        "http_req_failed": {
            "passes": 0,
            "fails": 15500,
            "value": 0
        },
        "iteration_duration": {
            "min": 4802.0375,
            "med": 13173.526300000001,
            "max": 15983.9668,
            "p(90)": 14889.7354,
            "p(95)": 15225.818335,
            "avg": 13325.347500419388
        }
    },
    "root_group": {
        "groups": {},
        "checks": {
                "200 OK": {
                    "name": "200 OK",
                    "path": "::200 OK",
                    "id": "e9654c443eff553da9e69eda7007924e",
                    "passes": 15500,
                    "fails": 0
                },
                "201 Created": {
                    "id": "728dcd977aae263ca314731145e1d447",
                    "passes": 0,
                    "fails": 15500,
                    "name": "201 Created",
                    "path": "::201 Created"
                },
                "204 No Content": {
                    "fails": 15500,
                    "name": "204 No Content",
                    "path": "::204 No Content",
                    "id": "54fa3c2eda34e1622fda2da5e0479fc5",
                    "passes": 0
                },
                "400 Bad Request": {
                    "fails": 15500,
                    "name": "400 Bad Request",
                    "path": "::400 Bad Request",
                    "id": "eeae81934b9b58bccaf0184a6d070338",
                    "passes": 0
                },
                "401 Unauthorized": {
                    "name": "401 Unauthorized",
                    "path": "::401 Unauthorized",
                    "id": "6ae9254e6aefe7f0bafe5102fa7e20a5",
                    "passes": 0,
                    "fails": 15500
                },
                "403 Forbidden": {
                    "name": "403 Forbidden",
                    "path": "::403 Forbidden",
                    "id": "655548b761742c5a7ad15aa7df3a5d9c",
                    "passes": 0,
                    "fails": 15500
                },
                "404 Not Found": {
                    "id": "df1528f9925ca236bac51008f77b774a",
                    "passes": 0,
                    "fails": 15500,
                    "name": "404 Not Found",
                    "path": "::404 Not Found"
                },
                "429 Too Many Requests": {
                    "path": "::429 Too Many Requests",
                    "id": "b810c35b9499cc7342fd415032e3a6aa",
                    "passes": 0,
                    "fails": 15500,
                    "name": "429 Too Many Requests"
                },
                "500 Internal Server Error": {
                    "fails": 15500,
                    "name": "500 Internal Server Error",
                    "path": "::500 Internal Server Error",
                    "id": "3cd96245b24e869810efe46d533b0eef",
                    "passes": 0
                },
                "502 Bad Gateway": {
                    "name": "502 Bad Gateway",
                    "path": "::502 Bad Gateway",
                    "id": "712cb0ec189a11f31f0d6d0c0031b569",
                    "passes": 0,
                    "fails": 15500
                },
                "503 Service Unavailable": {
                    "name": "503 Service Unavailable",
                    "path": "::503 Service Unavailable",
                    "id": "f1ea1a22be0dc738c385523a66ea1cd9",
                    "passes": 0,
                    "fails": 15500
                },
                "504 Gateway Timeout": {
                    "passes": 0,
                    "fails": 15500,
                    "name": "504 Gateway Timeout",
                    "path": "::504 Gateway Timeout",
                    "id": "218efb729cb654723ccd57c6ebbebe29"
                }
            },
        "name": "",
        "path": "",
        "id": "d41d8cd98f00b204e9800998ecf8427e"
    }
}