{
    "metrics": {
        "http_req_connecting": {
            "med": 50.50385,
            "max": 7893.885,
            "p(90)": 1621.5251400000034,
            "p(95)": 1777.0964350000002,
            "avg": 571.3179375199994,
            "min": 0
        },
        "http_req_sending": {
            "min": 10.5619,
            "med": 373.1955,
            "max": 7514.302,
            "p(90)": 3549.25433,
            "p(95)": 4099.725970000001,
            "avg": 1145.1051101000007
        },
        "data_sent": {
            "count": 5255113893,
            "rate": 107952970.13587818
        },
        "iterations": {
            "count": 5000,
            "rate": 102.71230303845117
        },
        "iteration_duration": {
            "avg": 38890.88411549988,
            "min": 2726.9646,
            "med": 40269.657999999996,
            "max": 48147.8044,
            "p(90)": 44568.10354,
            "p(95)": 45364.61996
        },
        "http_req_duration{expected_response:true}": {
            "med": 44381.19985,
            "max": 46546.8356,
            "p(90)": 46038.4579,
            "p(95)": 46294.3041,
            "avg": 35762.06707659575,
            "min": 82.9654
        },
        "http_req_tls_handshaking": {
            "p(90)": 789.0111400000001,
            "p(95)": 1804.742855,
            "avg": 532.6501980000018,
            "min": 0,
            "med": 50.2519,
            "max": 7859.489
        },
        "vus_max": {
            "value": 5000,
            "min": 2544,
            "max": 5000
        },
        "http_req_duration": {
            "p(90)": 43353.65563,
            "p(95)": 44637.912325,
            "avg": 37152.59674240011,
            "min": 82.9654,
            "med": 37912.2439,
            "max": 46546.8356
        },
        "http_req_receiving": {
            "p(90)": 0.037510000000000765,
            "p(95)": 0.6816200000000004,
            "avg": 0.08595200000000003,
            "min": 0,
            "med": 0,
            "max": 11.0077
        },
        "http_reqs": {
            "count": 5000,
            "rate": 102.71230303845117
        },
        "http_req_blocked": {
            "p(90)": 2210.03684,
            "p(95)": 3818.089925,
            "avg": 1116.6545614600032,
            "min": 0,
            "med": 131.83024999999998,
            "max": 8395.3993
        },
        "checks": {
            "passes": 5000,
            "fails": 55000,
            "value": 0.08333333333333333
        },
        "http_req_waiting": {
            "p(95)": 44599.03057,
            "avg": 36007.405680300006,
            "min": 27.6879,
            "med": 35586.10105,
            "max": 46299.6178,
            "p(90)": 43319.33443
        },
        "http_req_failed": {
            "passes": 4624,
            "fails": 376,
            "value": 0.9248
        },
        "data_received": {
            "count": 22067401,
            "rate": 453318.71575660404
        },
        "vus": {
            "min": 0,
            "max": 4963,
            "value": 570
        }
    },
    "root_group": {
        "name": "",
        "path": "",
        "id": "d41d8cd98f00b204e9800998ecf8427e",
        "groups": {},
        "checks": {
                "200 OK": {
                    "name": "200 OK",
                    "path": "::200 OK",
                    "id": "e9654c443eff553da9e69eda7007924e",
                    "passes": 5000,
                    "fails": 0
                },
                "201 Created": {
                    "passes": 0,
                    "fails": 5000,
                    "name": "201 Created",
                    "path": "::201 Created",
                    "id": "728dcd977aae263ca314731145e1d447"
                },
                "204 No Content": {
                    "passes": 0,
                    "fails": 5000,
                    "name": "204 No Content",
                    "path": "::204 No Content",
                    "id": "54fa3c2eda34e1622fda2da5e0479fc5"
                },
                "400 Bad Request": {
                    "id": "eeae81934b9b58bccaf0184a6d070338",
                    "passes": 0,
                    "fails": 5000,
                    "name": "400 Bad Request",
                    "path": "::400 Bad Request"
                },
                "401 Unauthorized": {
                    "path": "::401 Unauthorized",
                    "id": "6ae9254e6aefe7f0bafe5102fa7e20a5",
                    "passes": 0,
                    "fails": 5000,
                    "name": "401 Unauthorized"
                },
                "403 Forbidden": {
                    "id": "655548b761742c5a7ad15aa7df3a5d9c",
                    "passes": 0,
                    "fails": 5000,
                    "name": "403 Forbidden",
                    "path": "::403 Forbidden"
                },
                "404 Not Found": {
                    "passes": 0,
                    "fails": 5000,
                    "name": "404 Not Found",
                    "path": "::404 Not Found",
                    "id": "df1528f9925ca236bac51008f77b774a"
                },
                "429 Too Many Requests": {
                    "fails": 5000,
                    "name": "429 Too Many Requests",
                    "path": "::429 Too Many Requests",
                    "id": "b810c35b9499cc7342fd415032e3a6aa",
                    "passes": 0
                },
                "500 Internal Server Error": {
                    "name": "500 Internal Server Error",
                    "path": "::500 Internal Server Error",
                    "id": "3cd96245b24e869810efe46d533b0eef",
                    "passes": 0,
                    "fails": 5000
                },
                "502 Bad Gateway": {
                    "path": "::502 Bad Gateway",
                    "id": "712cb0ec189a11f31f0d6d0c0031b569",
                    "passes": 0,
                    "fails": 5000,
                    "name": "502 Bad Gateway"
                },
                "503 Service Unavailable": {
                    "fails": 5000,
                    "name": "503 Service Unavailable",
                    "path": "::503 Service Unavailable",
                    "id": "f1ea1a22be0dc738c385523a66ea1cd9",
                    "passes": 0
                },
                "504 Gateway Timeout": {
                    "name": "504 Gateway Timeout",
                    "path": "::504 Gateway Timeout",
                    "id": "218efb729cb654723ccd57c6ebbebe29",
                    "passes": 0,
                    "fails": 5000
                }
            }
    }
}