{
    "metrics": {
        "http_req_duration{expected_response:true}": {
            "p(90)": 47442.81246,
            "p(95)": 48526.065995,
            "avg": 40112.301358875055,
            "min": 33590.3457,
            "med": 38628.12115,
            "max": 58656.835
        },
        "iteration_duration": {
            "p(90)": 59130.300310000006,
            "p(95)": 60904.82322,
            "avg": 52241.11500850008,
            "min": 34259.9619,
            "med": 53664.43535,
            "max": 61558.7299
        },
        "checks": {
            "fails": 17600,
            "passes": 1600,
            "value": 0.08333333333333333
        },
        "http_req_blocked": {
            "med": 503.80740000000003,
            "max": 666.9852,
            "p(90)": 570.8329,
            "p(95)": 578.826905,
            "avg": 493.5361136874988,
            "min": 297.5499
        },
        "data_received": {
            "count": 375301478,
            "rate": 6094671.955314074
        },
        "http_req_duration": {
            "med": 38628.12115,
            "max": 58656.835,
            "p(90)": 47442.81246,
            "p(95)": 48526.065995,
            "avg": 40112.301358875055,
            "min": 33590.3457
        },
        "http_req_receiving": {
            "min": 0,
            "med": 22.205199999999998,
            "max": 20109.4474,
            "p(90)": 8046.621130000002,
            "p(95)": 10865.322839999999,
            "avg": 2341.3908968125015
        },
        "http_reqs": {
            "rate": 25.983044832300173,
            "count": 1600
        },
        "data_sent": {
            "count": 1350400,
            "rate": 21929.68983846135
        },
        "http_req_failed": {
            "passes": 0,
            "fails": 1600,
            "value": 0
        },
        "vus": {
            "value": 74,
            "min": 74,
            "max": 1600
        },
        "http_req_waiting": {
            "avg": 37768.821171500014,
            "min": 33574.952,
            "med": 36314.372350000005,
            "max": 55794.8669,
            "p(90)": 43677.93325,
            "p(95)": 47435.215189999995
        },
        "iterations": {
            "count": 1600,
            "rate": 25.983044832300173
        },
        "http_req_tls_handshaking": {
            "p(95)": 266.87239999999997,
            "avg": 198.82308868750016,
            "min": 78.4592,
            "med": 215.99304999999998,
            "max": 363.9848,
            "p(90)": 262.83205
        },
        "vus_max": {
            "min": 1600,
            "max": 1600,
            "value": 1600
        },
        "http_req_connecting": {
            "avg": 294.5307146875,
            "min": 5,
            "med": 297.1441,
            "max": 441.2572,
            "p(90)": 332.9986,
            "p(95)": 338.99672499999997
        },
        "http_req_sending": {
            "min": 0,
            "med": 1.9994,
            "max": 16.002,
            "p(90)": 3.9992,
            "p(95)": 4.996505,
            "avg": 2.089290562500004
        }
    },
    "root_group": {
        "name": "",
        "path": "",
        "id": "d41d8cd98f00b204e9800998ecf8427e",
        "groups": {},
        "checks": {
                "200 OK": {
                    "fails": 0,
                    "name": "200 OK",
                    "path": "::200 OK",
                    "id": "e9654c443eff553da9e69eda7007924e",
                    "passes": 1600
                },
                "201 Created": {
                    "name": "201 Created",
                    "path": "::201 Created",
                    "id": "728dcd977aae263ca314731145e1d447",
                    "passes": 0,
                    "fails": 1600
                },
                "204 No Content": {
                    "passes": 0,
                    "fails": 1600,
                    "name": "204 No Content",
                    "path": "::204 No Content",
                    "id": "54fa3c2eda34e1622fda2da5e0479fc5"
                },
                "400 Bad Request": {
                    "path": "::400 Bad Request",
                    "id": "eeae81934b9b58bccaf0184a6d070338",
                    "passes": 0,
                    "fails": 1600,
                    "name": "400 Bad Request"
                },
                "401 Unauthorized": {
                    "name": "401 Unauthorized",
                    "path": "::401 Unauthorized",
                    "id": "6ae9254e6aefe7f0bafe5102fa7e20a5",
                    "passes": 0,
                    "fails": 1600
                },
                "403 Forbidden": {
                    "passes": 0,
                    "fails": 1600,
                    "name": "403 Forbidden",
                    "path": "::403 Forbidden",
                    "id": "655548b761742c5a7ad15aa7df3a5d9c"
                },
                "404 Not Found": {
                    "name": "404 Not Found",
                    "path": "::404 Not Found",
                    "id": "df1528f9925ca236bac51008f77b774a",
                    "passes": 0,
                    "fails": 1600
                },
                "429 Too Many Requests": {
                    "name": "429 Too Many Requests",
                    "path": "::429 Too Many Requests",
                    "id": "b810c35b9499cc7342fd415032e3a6aa",
                    "passes": 0,
                    "fails": 1600
                },
                "500 Internal Server Error": {
                    "fails": 1600,
                    "name": "500 Internal Server Error",
                    "path": "::500 Internal Server Error",
                    "id": "3cd96245b24e869810efe46d533b0eef",
                    "passes": 0
                },
                "502 Bad Gateway": {
                    "path": "::502 Bad Gateway",
                    "id": "712cb0ec189a11f31f0d6d0c0031b569",
                    "passes": 0,
                    "fails": 1600,
                    "name": "502 Bad Gateway"
                },
                "503 Service Unavailable": {
                    "passes": 0,
                    "fails": 1600,
                    "name": "503 Service Unavailable",
                    "path": "::503 Service Unavailable",
                    "id": "f1ea1a22be0dc738c385523a66ea1cd9"
                },
                "504 Gateway Timeout": {
                    "name": "504 Gateway Timeout",
                    "path": "::504 Gateway Timeout",
                    "id": "218efb729cb654723ccd57c6ebbebe29",
                    "passes": 0,
                    "fails": 1600
                }
            }
    }
}