{
    "metrics": {
        "data_received": {
            "rate": 5993715.883589847,
            "count": 373480556
        },
        "iterations": {
            "count": 1600,
            "rate": 25.677228063631123
        },
        "http_req_duration{expected_response:true}": {
            "max": 59357.1768,
            "p(90)": 48763.62696,
            "p(95)": 51455.95708,
            "avg": 42753.096238398946,
            "min": 4230.5088,
            "med": 44797.3162
        },
        "http_req_sending": {
            "p(95)": 8.513814999999978,
            "avg": 2.91942075,
            "min": 0,
            "med": 2.0004,
            "max": 47.0029,
            "p(90)": 5.9989
        },
        "data_sent": {
            "count": 1350424,
            "rate": 21671.965644125623
        },
        "vus": {
            "value": 50,
            "min": 50,
            "max": 1600
        },
        "checks": {
            "passes": 1600,
            "fails": 17600,
            "value": 0.08333333333333333
        },
        "http_reqs": {
            "count": 1600,
            "rate": 25.677228063631123
        },
        "http_req_blocked": {
            "p(95)": 445.518115,
            "avg": 388.58921012499917,
            "min": 187.0006,
            "med": 388.2389,
            "max": 773.1955,
            "p(90)": 440.54582
        },
        "http_req_connecting": {
            "med": 221.4196,
            "max": 401.4269,
            "p(90)": 300.42582,
            "p(95)": 304.2817,
            "avg": 219.6540590625005,
            "min": 85.0032
        },
        "iteration_duration": {
            "p(95)": 61278.528585,
            "avg": 49396.54901806249,
            "min": 4742.6373,
            "med": 54110.04795,
            "max": 62242.157,
            "p(90)": 60117.10669
        },
        "http_req_waiting": {
            "avg": 42262.19076125,
            "min": 4221.3825,
            "med": 44502.07095,
            "max": 56321.9839,
            "p(90)": 47787.8437,
            "p(95)": 48692.773155
        },
        "vus_max": {
            "value": 1600,
            "min": 1600,
            "max": 1600
        },
        "http_req_duration": {
            "p(95)": 51510.50252,
            "avg": 42763.67066543745,
            "min": 4230.5088,
            "med": 44801.7524,
            "max": 59672.1795,
            "p(90)": 48777.87315
        },
        "http_req_tls_handshaking": {
            "avg": 168.37882762500013,
            "min": 68.0019,
            "med": 143.69635,
            "max": 471.5525,
            "p(90)": 225.0115,
            "p(95)": 254.20874499999996
        },
        "http_req_failed": {
            "passes": 1,
            "fails": 1599,
            "value": 0.000625
        },
        "http_req_receiving": {
            "avg": 498.56048343750007,
            "min": 0,
            "med": 2.99815,
            "max": 14628.8988,
            "p(90)": 874.7702300000008,
            "p(95)": 4568.337484999997
        }
    },
    "root_group": {
        "name": "",
        "path": "",
        "id": "d41d8cd98f00b204e9800998ecf8427e",
        "groups": {},
        "checks": {
                "200 OK": {
                    "name": "200 OK",
                    "path": "::200 OK",
                    "id": "e9654c443eff553da9e69eda7007924e",
                    "passes": 1600,
                    "fails": 0
                },
                "201 Created": {
                    "name": "201 Created",
                    "path": "::201 Created",
                    "id": "728dcd977aae263ca314731145e1d447",
                    "passes": 0,
                    "fails": 1600
                },
                "204 No Content": {
                    "name": "204 No Content",
                    "path": "::204 No Content",
                    "id": "54fa3c2eda34e1622fda2da5e0479fc5",
                    "passes": 0,
                    "fails": 1600
                },
                "400 Bad Request": {
                    "id": "eeae81934b9b58bccaf0184a6d070338",
                    "passes": 0,
                    "fails": 1600,
                    "name": "400 Bad Request",
                    "path": "::400 Bad Request"
                },
                "401 Unauthorized": {
                    "fails": 1600,
                    "name": "401 Unauthorized",
                    "path": "::401 Unauthorized",
                    "id": "6ae9254e6aefe7f0bafe5102fa7e20a5",
                    "passes": 0
                },
                "403 Forbidden": {
                    "passes": 0,
                    "fails": 1600,
                    "name": "403 Forbidden",
                    "path": "::403 Forbidden",
                    "id": "655548b761742c5a7ad15aa7df3a5d9c"
                },
                "404 Not Found": {
                    "passes": 0,
                    "fails": 1600,
                    "name": "404 Not Found",
                    "path": "::404 Not Found",
                    "id": "df1528f9925ca236bac51008f77b774a"
                },
                "429 Too Many Requests": {
                    "path": "::429 Too Many Requests",
                    "id": "b810c35b9499cc7342fd415032e3a6aa",
                    "passes": 0,
                    "fails": 1600,
                    "name": "429 Too Many Requests"
                },
                "500 Internal Server Error": {
                    "name": "500 Internal Server Error",
                    "path": "::500 Internal Server Error",
                    "id": "3cd96245b24e869810efe46d533b0eef",
                    "passes": 0,
                    "fails": 1600
                },
                "502 Bad Gateway": {
                    "name": "502 Bad Gateway",
                    "path": "::502 Bad Gateway",
                    "id": "712cb0ec189a11f31f0d6d0c0031b569",
                    "passes": 0,
                    "fails": 1600
                },
                "503 Service Unavailable": {
                    "fails": 1600,
                    "name": "503 Service Unavailable",
                    "path": "::503 Service Unavailable",
                    "id": "f1ea1a22be0dc738c385523a66ea1cd9",
                    "passes": 0
                },
                "504 Gateway Timeout": {
                    "name": "504 Gateway Timeout",
                    "path": "::504 Gateway Timeout",
                    "id": "218efb729cb654723ccd57c6ebbebe29",
                    "passes": 0,
                    "fails": 1600
                }
            }
    }
}