{
    "metrics": {
        "http_req_connecting": {
            "p(95)": 351.99643,
            "avg": 188.5967278125007,
            "min": 2.9955,
            "med": 201.00029999999998,
            "max": 419.9996,
            "p(90)": 266.99583
        },
        "http_req_tls_handshaking": {
            "p(90)": 198.98669000000004,
            "p(95)": 231.83156,
            "avg": 166.13727831250046,
            "min": 15.9987,
            "med": 162.99964999999997,
            "max": 251.5471
        },
        "checks": {
            "passes": 1600,
            "fails": 17600,
            "value": 0.08333333333333333
        },
        "http_reqs": {
            "rate": 25.549624479923022,
            "count": 1600
        },
        "http_req_duration": {
            "med": 38984.486000000004,
            "max": 61581.1862,
            "p(90)": 46055.90335000001,
            "p(95)": 47147.605285,
            "avg": 40174.09457568752,
            "min": 33991.8463
        },
        "iteration_duration": {
            "min": 34452.3325,
            "med": 55428.17205,
            "max": 62594.8294,
            "p(90)": 61431.07686,
            "p(95)": 62023.801080000005,
            "avg": 53821.70081674999
        },
        "data_sent": {
            "count": 1350400,
            "rate": 21563.88306105503
        },
        "vus": {
            "max": 1600,
            "value": 132,
            "min": 0
        },
        "http_req_blocked": {
            "avg": 355.3930469374999,
            "min": 108.0036,
            "med": 372.00175,
            "max": 935.3909,
            "p(90)": 427.99542,
            "p(95)": 511.0482999999999
        },
        "http_req_receiving": {
            "avg": 1332.6070471249993,
            "min": 0,
            "med": 2.9983000000000004,
            "max": 23752.8438,
            "p(90)": 6828.988960000001,
            "p(95)": 8022.8730799999985
        },
        "iterations": {
            "count": 1600,
            "rate": 25.549624479923022
        },
        "http_req_failed": {
            "passes": 0,
            "fails": 1600,
            "value": 0
        },
        "http_req_duration{expected_response:true}": {
            "p(95)": 47147.605285,
            "avg": 40174.09457568752,
            "min": 33991.8463,
            "med": 38984.486000000004,
            "max": 61581.1862,
            "p(90)": 46055.90335000001
        },
        "http_req_sending": {
            "avg": 1.9498944374999996,
            "min": 0,
            "med": 1.0066,
            "max": 18.0004,
            "p(90)": 4.0057,
            "p(95)": 5.0024049999999995
        },
        "http_req_waiting": {
            "max": 56107.5221,
            "p(90)": 43902.2618,
            "p(95)": 46646.913665,
            "avg": 38839.537634124994,
            "min": 33977.2017,
            "med": 37404.6967
        },
        "data_received": {
            "count": 375295340,
            "rate": 5992909.378790646
        },
        "vus_max": {
            "value": 1600,
            "min": 1595,
            "max": 1600
        }
    },
    "root_group": {
        "groups": {},
        "checks": {
                "200 OK": {
                    "passes": 1600,
                    "fails": 0,
                    "name": "200 OK",
                    "path": "::200 OK",
                    "id": "e9654c443eff553da9e69eda7007924e"
                },
                "201 Created": {
                    "path": "::201 Created",
                    "id": "728dcd977aae263ca314731145e1d447",
                    "passes": 0,
                    "fails": 1600,
                    "name": "201 Created"
                },
                "204 No Content": {
                    "passes": 0,
                    "fails": 1600,
                    "name": "204 No Content",
                    "path": "::204 No Content",
                    "id": "54fa3c2eda34e1622fda2da5e0479fc5"
                },
                "400 Bad Request": {
                    "passes": 0,
                    "fails": 1600,
                    "name": "400 Bad Request",
                    "path": "::400 Bad Request",
                    "id": "eeae81934b9b58bccaf0184a6d070338"
                },
                "401 Unauthorized": {
                    "path": "::401 Unauthorized",
                    "id": "6ae9254e6aefe7f0bafe5102fa7e20a5",
                    "passes": 0,
                    "fails": 1600,
                    "name": "401 Unauthorized"
                },
                "403 Forbidden": {
                    "name": "403 Forbidden",
                    "path": "::403 Forbidden",
                    "id": "655548b761742c5a7ad15aa7df3a5d9c",
                    "passes": 0,
                    "fails": 1600
                },
                "404 Not Found": {
                    "name": "404 Not Found",
                    "path": "::404 Not Found",
                    "id": "df1528f9925ca236bac51008f77b774a",
                    "passes": 0,
                    "fails": 1600
                },
                "429 Too Many Requests": {
                    "name": "429 Too Many Requests",
                    "path": "::429 Too Many Requests",
                    "id": "b810c35b9499cc7342fd415032e3a6aa",
                    "passes": 0,
                    "fails": 1600
                },
                "500 Internal Server Error": {
                    "name": "500 Internal Server Error",
                    "path": "::500 Internal Server Error",
                    "id": "3cd96245b24e869810efe46d533b0eef",
                    "passes": 0,
                    "fails": 1600
                },
                "502 Bad Gateway": {
                    "id": "712cb0ec189a11f31f0d6d0c0031b569",
                    "passes": 0,
                    "fails": 1600,
                    "name": "502 Bad Gateway",
                    "path": "::502 Bad Gateway"
                },
                "503 Service Unavailable": {
                    "name": "503 Service Unavailable",
                    "path": "::503 Service Unavailable",
                    "id": "f1ea1a22be0dc738c385523a66ea1cd9",
                    "passes": 0,
                    "fails": 1600
                },
                "504 Gateway Timeout": {
                    "fails": 1600,
                    "name": "504 Gateway Timeout",
                    "path": "::504 Gateway Timeout",
                    "id": "218efb729cb654723ccd57c6ebbebe29",
                    "passes": 0
                }
            },
        "name": "",
        "path": "",
        "id": "d41d8cd98f00b204e9800998ecf8427e"
    }
}