{
    "metrics": {
        "http_req_failed": {
            "passes": 0,
            "fails": 1500,
            "value": 0
        },
        "http_req_connecting": {
            "med": 203.9572,
            "max": 516.8079,
            "p(90)": 338.5742,
            "p(95)": 381.85844499999996,
            "avg": 200.55471146666636,
            "min": 1.9729
        },
        "data_received": {
            "count": 351838548,
            "rate": 5869518.376420323
        },
        "iteration_duration": {
            "p(90)": 58857.702620000004,
            "p(95)": 59205.345590000004,
            "avg": 50970.40022246662,
            "min": 28237.3543,
            "med": 52434.6718,
            "max": 59830.1675
        },
        "http_req_duration": {
            "avg": 39156.56113600002,
            "min": 27551.0632,
            "med": 37508.946200000006,
            "max": 56278.5888,
            "p(90)": 48721.38759,
            "p(95)": 49804.547405
        },
        "http_req_receiving": {
            "p(95)": 13178.686959999999,
            "avg": 1855.6529022666682,
            "min": 0,
            "med": 2.0016,
            "max": 20483.3314,
            "p(90)": 9039.97752
        },
        "checks": {
            "passes": 1500,
            "fails": 16500,
            "value": 0.08333333333333333
        },
        "data_sent": {
            "count": 1266000,
            "rate": 21119.943527473086
        },
        "iterations": {
            "count": 1500,
            "rate": 25.023629771887542
        },
        "http_req_tls_handshaking": {
            "med": 330.83355,
            "max": 761.2854,
            "p(90)": 522.5820500000001,
            "p(95)": 578.10217,
            "avg": 334.56489853333335,
            "min": 45.0045
        },
        "http_reqs": {
            "count": 1500,
            "rate": 25.023629771887542
        },
        "vus_max": {
            "value": 1500,
            "min": 1500,
            "max": 1500
        },
        "http_req_blocked": {
            "p(95)": 989.2837049999999,
            "avg": 536.4665178666656,
            "min": 180.4574,
            "med": 547.5711,
            "max": 1112.1515,
            "p(90)": 834.10774
        },
        "http_req_duration{expected_response:true}": {
            "med": 37508.946200000006,
            "max": 56278.5888,
            "p(90)": 48721.38759,
            "p(95)": 49804.547405,
            "avg": 39156.56113600002,
            "min": 27551.0632
        },
        "http_req_sending": {
            "avg": 0.39543246666666687,
            "min": 0,
            "med": 0,
            "max": 13,
            "p(90)": 1.00211,
            "p(95)": 2.0055
        },
        "http_req_waiting": {
            "p(95)": 49014.46178499999,
            "avg": 37300.51280126668,
            "min": 27539.0163,
            "med": 35842.771850000005,
            "max": 56032.6356,
            "p(90)": 44471.20528
        },
        "vus": {
            "value": 148,
            "min": 148,
            "max": 1500
        }
    },
    "root_group": {
        "name": "",
        "path": "",
        "id": "d41d8cd98f00b204e9800998ecf8427e",
        "groups": {},
        "checks": {
                "200 OK": {
                    "name": "200 OK",
                    "path": "::200 OK",
                    "id": "e9654c443eff553da9e69eda7007924e",
                    "passes": 1500,
                    "fails": 0
                },
                "201 Created": {
                    "name": "201 Created",
                    "path": "::201 Created",
                    "id": "728dcd977aae263ca314731145e1d447",
                    "passes": 0,
                    "fails": 1500
                },
                "204 No Content": {
                    "name": "204 No Content",
                    "path": "::204 No Content",
                    "id": "54fa3c2eda34e1622fda2da5e0479fc5",
                    "passes": 0,
                    "fails": 1500
                },
                "400 Bad Request": {
                    "name": "400 Bad Request",
                    "path": "::400 Bad Request",
                    "id": "eeae81934b9b58bccaf0184a6d070338",
                    "passes": 0,
                    "fails": 1500
                },
                "401 Unauthorized": {
                    "name": "401 Unauthorized",
                    "path": "::401 Unauthorized",
                    "id": "6ae9254e6aefe7f0bafe5102fa7e20a5",
                    "passes": 0,
                    "fails": 1500
                },
                "403 Forbidden": {
                    "name": "403 Forbidden",
                    "path": "::403 Forbidden",
                    "id": "655548b761742c5a7ad15aa7df3a5d9c",
                    "passes": 0,
                    "fails": 1500
                },
                "404 Not Found": {
                    "name": "404 Not Found",
                    "path": "::404 Not Found",
                    "id": "df1528f9925ca236bac51008f77b774a",
                    "passes": 0,
                    "fails": 1500
                },
                "429 Too Many Requests": {
                    "name": "429 Too Many Requests",
                    "path": "::429 Too Many Requests",
                    "id": "b810c35b9499cc7342fd415032e3a6aa",
                    "passes": 0,
                    "fails": 1500
                },
                "500 Internal Server Error": {
                    "passes": 0,
                    "fails": 1500,
                    "name": "500 Internal Server Error",
                    "path": "::500 Internal Server Error",
                    "id": "3cd96245b24e869810efe46d533b0eef"
                },
                "502 Bad Gateway": {
                    "id": "712cb0ec189a11f31f0d6d0c0031b569",
                    "passes": 0,
                    "fails": 1500,
                    "name": "502 Bad Gateway",
                    "path": "::502 Bad Gateway"
                },
                "503 Service Unavailable": {
                    "name": "503 Service Unavailable",
                    "path": "::503 Service Unavailable",
                    "id": "f1ea1a22be0dc738c385523a66ea1cd9",
                    "passes": 0,
                    "fails": 1500
                },
                "504 Gateway Timeout": {
                    "fails": 1500,
                    "name": "504 Gateway Timeout",
                    "path": "::504 Gateway Timeout",
                    "id": "218efb729cb654723ccd57c6ebbebe29",
                    "passes": 0
                }
            }
    }
}