{
    "metrics": {
        "iteration_duration": {
            "avg": 6178.456410866653,
            "min": 1014.535,
            "med": 6852.25155,
            "max": 11150.5726,
            "p(90)": 8777.973549999999,
            "p(95)": 9170.205699999997
        },
        "http_req_duration": {
            "avg": 3261.3504095000058,
            "min": 260.9412,
            "med": 3470.79315,
            "max": 8933.0224,
            "p(90)": 5797.84431,
            "p(95)": 6234.492414999999
        },
        "vus": {
            "value": 230,
            "min": 0,
            "max": 2928
        },
        "http_req_sending": {
            "max": 5074.8684,
            "p(90)": 3993.85629,
            "p(95)": 4249.522935,
            "avg": 1610.3506097333354,
            "min": 21.7277,
            "med": 1552.3524
        },
        "http_req_failed": {
            "passes": 0,
            "fails": 3000,
            "value": 0
        },
        "http_req_duration{expected_response:true}": {
            "avg": 3261.3504095000058,
            "min": 260.9412,
            "med": 3470.79315,
            "max": 8933.0224,
            "p(90)": 5797.84431,
            "p(95)": 6234.492414999999
        },
        "iterations": {
            "count": 3000,
            "rate": 267.7451393279661
        },
        "http_req_connecting": {
            "p(90)": 1336.11169,
            "p(95)": 7571.201354999999,
            "avg": 947.360337100001,
            "min": 0,
            "med": 515.6973,
            "max": 8033.9917
        },
        "checks": {
            "passes": 3000,
            "fails": 33000,
            "value": 0.08333333333333333
        },
        "http_req_waiting": {
            "p(90)": 2425.82761,
            "p(95)": 2678.1941299999994,
            "avg": 1465.6666168000004,
            "min": 10.0025,
            "med": 1335.1583,
            "max": 5541.5594
        },
        "data_sent": {
            "count": 3153058893,
            "rate": 281405397.53852254
        },
        "http_req_tls_handshaking": {
            "max": 9058.811,
            "p(90)": 924.00856,
            "p(95)": 965.7359349999998,
            "avg": 568.0764360666658,
            "min": 4.229,
            "med": 405.24415
        },
        "vus_max": {
            "value": 3000,
            "min": 1432,
            "max": 3000
        },
        "http_reqs": {
            "count": 3000,
            "rate": 267.7451393279661
        },
        "http_req_receiving": {
            "max": 7139.3263,
            "p(90)": 0.99781,
            "p(95)": 506.86602499999617,
            "avg": 185.3331829666665,
            "min": 0,
            "med": 0
        },
        "http_req_blocked": {
            "avg": 1525.5496864666657,
            "min": 7.9396,
            "med": 1263.924,
            "max": 9410.9628,
            "p(90)": 1776.35412,
            "p(95)": 7628.166475
        },
        "data_received": {
            "count": 12231000,
            "rate": 1091596.9330401178
        }
    },
    "root_group": {
        "checks": {
            "200 OK": {
                "fails": 0,
                "name": "200 OK",
                "path": "::200 OK",
                "id": "e9654c443eff553da9e69eda7007924e",
                "passes": 3000
            },
            "201 Created": {
                "fails": 3000,
                "name": "201 Created",
                "path": "::201 Created",
                "id": "728dcd977aae263ca314731145e1d447",
                "passes": 0
            },
            "204 No Content": {
                "path": "::204 No Content",
                "id": "54fa3c2eda34e1622fda2da5e0479fc5",
                "passes": 0,
                "fails": 3000,
                "name": "204 No Content"
            },
            "400 Bad Request": {
                "path": "::400 Bad Request",
                "id": "eeae81934b9b58bccaf0184a6d070338",
                "passes": 0,
                "fails": 3000,
                "name": "400 Bad Request"
            },
            "401 Unauthorized": {
                "name": "401 Unauthorized",
                "path": "::401 Unauthorized",
                "id": "6ae9254e6aefe7f0bafe5102fa7e20a5",
                "passes": 0,
                "fails": 3000
            },
            "403 Forbidden": {
                "name": "403 Forbidden",
                "path": "::403 Forbidden",
                "id": "655548b761742c5a7ad15aa7df3a5d9c",
                "passes": 0,
                "fails": 3000
            },
            "404 Not Found": {
                "passes": 0,
                "fails": 3000,
                "name": "404 Not Found",
                "path": "::404 Not Found",
                "id": "df1528f9925ca236bac51008f77b774a"
            },
            "429 Too Many Requests": {
                "name": "429 Too Many Requests",
                "path": "::429 Too Many Requests",
                "id": "b810c35b9499cc7342fd415032e3a6aa",
                "passes": 0,
                "fails": 3000
            },
            "500 Internal Server Error": {
                "name": "500 Internal Server Error",
                "path": "::500 Internal Server Error",
                "id": "3cd96245b24e869810efe46d533b0eef",
                "passes": 0,
                "fails": 3000
            },
            "502 Bad Gateway": {
                "name": "502 Bad Gateway",
                "path": "::502 Bad Gateway",
                "id": "712cb0ec189a11f31f0d6d0c0031b569",
                "passes": 0,
                "fails": 3000
            },
            "503 Service Unavailable": {
                "name": "503 Service Unavailable",
                "path": "::503 Service Unavailable",
                "id": "f1ea1a22be0dc738c385523a66ea1cd9",
                "passes": 0,
                "fails": 3000
            },
            "504 Gateway Timeout": {
                "id": "218efb729cb654723ccd57c6ebbebe29",
                "passes": 0,
                "fails": 3000,
                "name": "504 Gateway Timeout",
                "path": "::504 Gateway Timeout"
            }
        },
        "name": "",
        "path": "",
        "id": "d41d8cd98f00b204e9800998ecf8427e",
        "groups": {}
    }
}