{
    "metrics": {
        "data_sent": {
            "rate": 463180.34714343084,
            "count": 3076000
        },
        "vus": {
            "value": 2663,
            "min": 0,
            "max": 4000
        },
        "http_reqs": {
            "count": 4000,
            "rate": 602.3151458302092
        },
        "data_received": {
            "count": 457988972,
            "rate": 68963423.6147019
        },
        "vus_max": {
            "value": 4000,
            "min": 3276,
            "max": 4000
        },
        "http_req_receiving": {
            "p(95)": 24.4984,
            "avg": 10.050296649999988,
            "min": 0,
            "med": 2.4918,
            "max": 260.9909,
            "p(90)": 15.6254
        },
        "http_req_sending": {
            "avg": 0.911665674999998,
            "min": 0,
            "med": 0,
            "max": 137.9605,
            "p(90)": 2,
            "p(95)": 3.5556
        },
        "http_req_duration{expected_response:true}": {
            "min": 1738.0469,
            "med": 5039.7973,
            "max": 5524.9192,
            "p(90)": 5272.808489999999,
            "p(95)": 5292.344135,
            "avg": 4705.495113200002
        },
        "iteration_duration": {
            "avg": 5164.236855225007,
            "min": 1917.9662,
            "med": 5578.7423,
            "max": 6249.8408,
            "p(90)": 5861.51023,
            "p(95)": 5890.1298
        },
        "http_req_blocked": {
            "avg": 445.9388068750003,
            "min": 65.4916,
            "med": 473.9517,
            "max": 876.9813,
            "p(90)": 611.0333099999999,
            "p(95)": 647.111275
        },
        "checks": {
            "passes": 4000,
            "fails": 44000,
            "value": 0.08333333333333333
        },
        "http_req_connecting": {
            "min": 0,
            "med": 152.9416,
            "max": 569.4415,
            "p(90)": 267.12721999999997,
            "p(95)": 275.31,
            "avg": 150.23472444999882
        },
        "http_req_tls_handshaking": {
            "p(95)": 508.9815549999999,
            "avg": 295.5797157499997,
            "min": 24.1991,
            "med": 283.77895,
            "max": 758.8912,
            "p(90)": 490.14515
        },
        "http_req_waiting": {
            "med": 5028.7827,
            "max": 5480.416,
            "p(90)": 5259.3954300000005,
            "p(95)": 5280.26166,
            "avg": 4694.533150874999,
            "min": 1735.7161
        },
        "http_req_failed": {
            "passes": 0,
            "fails": 4000,
            "value": 0
        },
        "http_req_duration": {
            "avg": 4705.495113200002,
            "min": 1738.0469,
            "med": 5039.7973,
            "max": 5524.9192,
            "p(90)": 5272.808489999999,
            "p(95)": 5292.344135
        },
        "iterations": {
            "count": 4000,
            "rate": 602.3151458302092
        }
    },
    "root_group": {
        "name": "",
        "path": "",
        "id": "d41d8cd98f00b204e9800998ecf8427e",
        "groups": {},
        "checks": {
                "200 OK": {
                    "id": "e9654c443eff553da9e69eda7007924e",
                    "passes": 4000,
                    "fails": 0,
                    "name": "200 OK",
                    "path": "::200 OK"
                },
                "201 Created": {
                    "name": "201 Created",
                    "path": "::201 Created",
                    "id": "728dcd977aae263ca314731145e1d447",
                    "passes": 0,
                    "fails": 4000
                },
                "204 No Content": {
                    "name": "204 No Content",
                    "path": "::204 No Content",
                    "id": "54fa3c2eda34e1622fda2da5e0479fc5",
                    "passes": 0,
                    "fails": 4000
                },
                "400 Bad Request": {
                    "passes": 0,
                    "fails": 4000,
                    "name": "400 Bad Request",
                    "path": "::400 Bad Request",
                    "id": "eeae81934b9b58bccaf0184a6d070338"
                },
                "401 Unauthorized": {
                    "name": "401 Unauthorized",
                    "path": "::401 Unauthorized",
                    "id": "6ae9254e6aefe7f0bafe5102fa7e20a5",
                    "passes": 0,
                    "fails": 4000
                },
                "403 Forbidden": {
                    "fails": 4000,
                    "name": "403 Forbidden",
                    "path": "::403 Forbidden",
                    "id": "655548b761742c5a7ad15aa7df3a5d9c",
                    "passes": 0
                },
                "404 Not Found": {
                    "name": "404 Not Found",
                    "path": "::404 Not Found",
                    "id": "df1528f9925ca236bac51008f77b774a",
                    "passes": 0,
                    "fails": 4000
                },
                "429 Too Many Requests": {
                    "name": "429 Too Many Requests",
                    "path": "::429 Too Many Requests",
                    "id": "b810c35b9499cc7342fd415032e3a6aa",
                    "passes": 0,
                    "fails": 4000
                },
                "500 Internal Server Error": {
                    "id": "3cd96245b24e869810efe46d533b0eef",
                    "passes": 0,
                    "fails": 4000,
                    "name": "500 Internal Server Error",
                    "path": "::500 Internal Server Error"
                },
                "502 Bad Gateway": {
                    "id": "712cb0ec189a11f31f0d6d0c0031b569",
                    "passes": 0,
                    "fails": 4000,
                    "name": "502 Bad Gateway",
                    "path": "::502 Bad Gateway"
                },
                "503 Service Unavailable": {
                    "path": "::503 Service Unavailable",
                    "id": "f1ea1a22be0dc738c385523a66ea1cd9",
                    "passes": 0,
                    "fails": 4000,
                    "name": "503 Service Unavailable"
                },
                "504 Gateway Timeout": {
                    "name": "504 Gateway Timeout",
                    "path": "::504 Gateway Timeout",
                    "id": "218efb729cb654723ccd57c6ebbebe29",
                    "passes": 0,
                    "fails": 4000
                }
            }
    }
}