{
    "metrics": {
        "vus": {
            "value": 34,
            "min": 34,
            "max": 3000
        },
        "vus_max": {
            "value": 3000,
            "min": 3000,
            "max": 3000
        },
        "http_reqs": {
            "rate": 48.28964305610941,
            "count": 3000
        },
        "checks": {
            "fails": 33000,
            "passes": 3000,
            "value": 0.08333333333333333
        },
        "http_req_connecting": {
            "avg": 244.68654696666667,
            "min": 113.5965,
            "med": 233.7472,
            "max": 414.7674,
            "p(90)": 347.4598,
            "p(95)": 370.2132
        },
        "data_sent": {
            "count": 2337072,
            "rate": 37618.79089214258
        },
        "iterations": {
            "count": 3000,
            "rate": 48.28964305610941
        },
        "http_req_duration{expected_response:true}": {
            "p(95)": 53547.69613999999,
            "avg": 36651.06710590588,
            "min": 2578.5967,
            "med": 38442.6697,
            "max": 61326.2876,
            "p(90)": 50740.01556
        },
        "http_req_tls_handshaking": {
            "p(90)": 617.90376,
            "p(95)": 663.8210099999999,
            "avg": 353.83162429999953,
            "min": 22.3928,
            "med": 307.4381,
            "max": 778.1824
        },
        "http_req_sending": {
            "p(90)": 2.0001,
            "p(95)": 2.999805,
            "avg": 0.5942084333333323,
            "min": 0,
            "med": 0,
            "max": 14.3937
        },
        "http_req_blocked": {
            "avg": 598.6776494333309,
            "min": 147.9919,
            "med": 564.2852,
            "max": 914.6971,
            "p(90)": 795.92913,
            "p(95)": 828.6520799999998
        },
        "http_req_duration": {
            "min": 2578.5967,
            "med": 38451.9462,
            "max": 61353.9193,
            "p(90)": 50756.409550000004,
            "p(95)": 53579.66478,
            "avg": 36675.041901799974
        },
        "http_req_waiting": {
            "max": 55761.3718,
            "p(90)": 41885.963059999995,
            "p(95)": 51319.349645,
            "avg": 35625.9327547667,
            "min": 2575.6512,
            "med": 36900.378150000004
        },
        "http_req_failed": {
            "passes": 3,
            "fails": 2997,
            "value": 0.001
        },
        "data_received": {
            "count": 694167168,
            "rate": 11173694.921330111
        },
        "http_req_receiving": {
            "p(95)": 6720.6235,
            "avg": 1048.5149385999991,
            "min": 0,
            "med": 0,
            "max": 28049.3058,
            "p(90)": 2655.6837999999984
        },
        "iteration_duration": {
            "p(95)": 61261.66684,
            "avg": 44345.7592916334,
            "min": 3193.5981,
            "med": 46769.248999999996,
            "max": 62045.4047,
            "p(90)": 59545.07557
        }
    },
    "root_group": {
        "path": "",
        "id": "d41d8cd98f00b204e9800998ecf8427e",
        "groups": {},
        "checks": {
                "200 OK": {
                    "name": "200 OK",
                    "path": "::200 OK",
                    "id": "e9654c443eff553da9e69eda7007924e",
                    "passes": 3000,
                    "fails": 0
                },
                "201 Created": {
                    "passes": 0,
                    "fails": 3000,
                    "name": "201 Created",
                    "path": "::201 Created",
                    "id": "728dcd977aae263ca314731145e1d447"
                },
                "204 No Content": {
                    "name": "204 No Content",
                    "path": "::204 No Content",
                    "id": "54fa3c2eda34e1622fda2da5e0479fc5",
                    "passes": 0,
                    "fails": 3000
                },
                "400 Bad Request": {
                    "name": "400 Bad Request",
                    "path": "::400 Bad Request",
                    "id": "eeae81934b9b58bccaf0184a6d070338",
                    "passes": 0,
                    "fails": 3000
                },
                "401 Unauthorized": {
                    "name": "401 Unauthorized",
                    "path": "::401 Unauthorized",
                    "id": "6ae9254e6aefe7f0bafe5102fa7e20a5",
                    "passes": 0,
                    "fails": 3000
                },
                "403 Forbidden": {
                    "passes": 0,
                    "fails": 3000,
                    "name": "403 Forbidden",
                    "path": "::403 Forbidden",
                    "id": "655548b761742c5a7ad15aa7df3a5d9c"
                },
                "404 Not Found": {
                    "id": "df1528f9925ca236bac51008f77b774a",
                    "passes": 0,
                    "fails": 3000,
                    "name": "404 Not Found",
                    "path": "::404 Not Found"
                },
                "429 Too Many Requests": {
                    "id": "b810c35b9499cc7342fd415032e3a6aa",
                    "passes": 0,
                    "fails": 3000,
                    "name": "429 Too Many Requests",
                    "path": "::429 Too Many Requests"
                },
                "500 Internal Server Error": {
                    "id": "3cd96245b24e869810efe46d533b0eef",
                    "passes": 0,
                    "fails": 3000,
                    "name": "500 Internal Server Error",
                    "path": "::500 Internal Server Error"
                },
                "502 Bad Gateway": {
                    "path": "::502 Bad Gateway",
                    "id": "712cb0ec189a11f31f0d6d0c0031b569",
                    "passes": 0,
                    "fails": 3000,
                    "name": "502 Bad Gateway"
                },
                "503 Service Unavailable": {
                    "name": "503 Service Unavailable",
                    "path": "::503 Service Unavailable",
                    "id": "f1ea1a22be0dc738c385523a66ea1cd9",
                    "passes": 0,
                    "fails": 3000
                },
                "504 Gateway Timeout": {
                    "name": "504 Gateway Timeout",
                    "path": "::504 Gateway Timeout",
                    "id": "218efb729cb654723ccd57c6ebbebe29",
                    "passes": 0,
                    "fails": 3000
                }
            },
        "name": ""
    }
}