{
    "metrics": {
        "iteration_duration": {
            "min": 1054.7532,
            "med": 28108.922899999998,
            "max": 37231.4175,
            "p(90)": 35354.238730000005,
            "p(95)": 36269.907060000005,
            "avg": 26722.485181999975
        },
        "iterations": {
            "count": 2000,
            "rate": 53.621076901042784
        },
        "http_req_failed": {
            "passes": 0,
            "fails": 2000,
            "value": 0
        },
        "data_received": {
            "rate": 12419012.468133664,
            "count": 463213840
        },
        "http_req_receiving": {
            "max": 15842.4778,
            "p(90)": 6114.06278,
            "p(95)": 7576.5136299999995,
            "avg": 1477.3509124999998,
            "min": 0,
            "med": 0.9923500000000001
        },
        "data_sent": {
            "count": 1558000,
            "rate": 41770.81890591233
        },
        "http_req_duration{expected_response:true}": {
            "p(95)": 28813.18772,
            "avg": 21758.2452783,
            "min": 252.2357,
            "med": 22438.48995,
            "max": 36614.6945,
            "p(90)": 28309.808100000002
        },
        "http_req_blocked": {
            "max": 756.1382,
            "p(90)": 487.79636999999997,
            "p(95)": 490.65423,
            "avg": 459.36246144999996,
            "min": 160.6469,
            "med": 468.42505
        },
        "http_req_waiting": {
            "avg": 20279.357867850063,
            "min": 252.2357,
            "med": 21029.430099999998,
            "max": 35242.0996,
            "p(90)": 27284.16647,
            "p(95)": 27493.277850000002
        },
        "http_req_sending": {
            "p(95)": 4.4497,
            "avg": 1.5364979500000022,
            "min": 0,
            "med": 0.9996,
            "max": 54.4193,
            "p(90)": 3.0003
        },
        "http_req_connecting": {
            "avg": 235.94585195000082,
            "min": 0,
            "med": 246.4721,
            "max": 413.6031,
            "p(90)": 258.16858,
            "p(95)": 262.75613500000003
        },
        "checks": {
            "passes": 2000,
            "fails": 22000,
            "value": 0.08333333333333333
        },
        "vus": {
            "value": 26,
            "min": 26,
            "max": 1992
        },
        "http_req_duration": {
            "avg": 21758.2452783,
            "min": 252.2357,
            "med": 22438.48995,
            "max": 36614.6945,
            "p(90)": 28309.808100000002,
            "p(95)": 28813.18772
        },
        "vus_max": {
            "max": 2000,
            "value": 2000,
            "min": 2000
        },
        "http_reqs": {
            "count": 2000,
            "rate": 53.621076901042784
        },
        "http_req_tls_handshaking": {
            "p(95)": 270.72771499999993,
            "avg": 222.97284580000044,
            "min": 40.3898,
            "med": 220.148,
            "max": 538.2141,
            "p(90)": 258.9538
        }
    },
    "root_group": {
        "groups": {},
        "checks": {
                "200 OK": {
                    "passes": 2000,
                    "fails": 0,
                    "name": "200 OK",
                    "path": "::200 OK",
                    "id": "e9654c443eff553da9e69eda7007924e"
                },
                "201 Created": {
                    "path": "::201 Created",
                    "id": "728dcd977aae263ca314731145e1d447",
                    "passes": 0,
                    "fails": 2000,
                    "name": "201 Created"
                },
                "204 No Content": {
                    "name": "204 No Content",
                    "path": "::204 No Content",
                    "id": "54fa3c2eda34e1622fda2da5e0479fc5",
                    "passes": 0,
                    "fails": 2000
                },
                "400 Bad Request": {
                    "fails": 2000,
                    "name": "400 Bad Request",
                    "path": "::400 Bad Request",
                    "id": "eeae81934b9b58bccaf0184a6d070338",
                    "passes": 0
                },
                "401 Unauthorized": {
                    "path": "::401 Unauthorized",
                    "id": "6ae9254e6aefe7f0bafe5102fa7e20a5",
                    "passes": 0,
                    "fails": 2000,
                    "name": "401 Unauthorized"
                },
                "403 Forbidden": {
                    "name": "403 Forbidden",
                    "path": "::403 Forbidden",
                    "id": "655548b761742c5a7ad15aa7df3a5d9c",
                    "passes": 0,
                    "fails": 2000
                },
                "404 Not Found": {
                    "name": "404 Not Found",
                    "path": "::404 Not Found",
                    "id": "df1528f9925ca236bac51008f77b774a",
                    "passes": 0,
                    "fails": 2000
                },
                "429 Too Many Requests": {
                    "path": "::429 Too Many Requests",
                    "id": "b810c35b9499cc7342fd415032e3a6aa",
                    "passes": 0,
                    "fails": 2000,
                    "name": "429 Too Many Requests"
                },
                "500 Internal Server Error": {
                    "name": "500 Internal Server Error",
                    "path": "::500 Internal Server Error",
                    "id": "3cd96245b24e869810efe46d533b0eef",
                    "passes": 0,
                    "fails": 2000
                },
                "502 Bad Gateway": {
                    "name": "502 Bad Gateway",
                    "path": "::502 Bad Gateway",
                    "id": "712cb0ec189a11f31f0d6d0c0031b569",
                    "passes": 0,
                    "fails": 2000
                },
                "503 Service Unavailable": {
                    "path": "::503 Service Unavailable",
                    "id": "f1ea1a22be0dc738c385523a66ea1cd9",
                    "passes": 0,
                    "fails": 2000,
                    "name": "503 Service Unavailable"
                },
                "504 Gateway Timeout": {
                    "path": "::504 Gateway Timeout",
                    "id": "218efb729cb654723ccd57c6ebbebe29",
                    "passes": 0,
                    "fails": 2000,
                    "name": "504 Gateway Timeout"
                }
            },
        "name": "",
        "path": "",
        "id": "d41d8cd98f00b204e9800998ecf8427e"
    }
}