{
    "metrics": {
        "http_req_failed": {
            "passes": 0,
            "fails": 1500,
            "value": 0
        },
        "http_req_receiving": {
            "p(90)": 11809.60058,
            "p(95)": 12722.41309,
            "avg": 5163.0031596666595,
            "min": 0,
            "med": 4348.394850000001,
            "max": 26063.0616
        },
        "checks": {
            "passes": 1500,
            "fails": 16500,
            "value": 0.08333333333333333
        },
        "http_req_waiting": {
            "avg": 17248.031903933363,
            "min": 14422.1092,
            "med": 16736.6132,
            "max": 29633.5619,
            "p(90)": 18767.09501,
            "p(95)": 21670.527885000003
        },
        "http_reqs": {
            "count": 1500,
            "rate": 35.34635598498509
        },
        "iteration_duration": {
            "p(95)": 32673.397555,
            "avg": 25865.357289,
            "min": 14503.9276,
            "med": 26110.252050000003,
            "max": 42250.4559,
            "p(90)": 31728.08423
        },
        "http_req_sending": {
            "max": 86.425,
            "p(90)": 1.9995,
            "p(95)": 3.0006,
            "avg": 0.6328150000000002,
            "min": 0,
            "med": 0
        },
        "http_req_duration{expected_response:true}": {
            "p(90)": 28690.71629,
            "p(95)": 29476.022199999996,
            "avg": 22411.667878599997,
            "min": 14422.7001,
            "med": 21500.0527,
            "max": 41886.3594
        },
        "http_req_tls_handshaking": {
            "min": 0,
            "med": 133.3244,
            "max": 473.6389,
            "p(90)": 275.0367900000001,
            "p(95)": 306.008085,
            "avg": 149.7526609999998
        },
        "iterations": {
            "count": 1500,
            "rate": 35.34635598498509
        },
        "data_received": {
            "count": 347390734,
            "rate": 8185997.699899508
        },
        "http_req_blocked": {
            "p(95)": 703.1363949999999,
            "avg": 332.13305546666624,
            "min": 0,
            "med": 291.9467,
            "max": 775,
            "p(90)": 619.9583200000001
        },
        "http_req_connecting": {
            "avg": 182.18799859999973,
            "min": 0,
            "med": 178.9865,
            "max": 433.9828,
            "p(90)": 382.5171,
            "p(95)": 418.0816
        },
        "vus": {
            "max": 1500,
            "value": 14,
            "min": 14
        },
        "data_sent": {
            "count": 1168500,
            "rate": 27534.81131230338
        },
        "vus_max": {
            "value": 1500,
            "min": 1500,
            "max": 1500
        },
        "http_req_duration": {
            "max": 41886.3594,
            "p(90)": 28690.71629,
            "p(95)": 29476.022199999996,
            "avg": 22411.667878599997,
            "min": 14422.7001,
            "med": 21500.0527
        }
    },
    "root_group": {
        "name": "",
        "path": "",
        "id": "d41d8cd98f00b204e9800998ecf8427e",
        "groups": {},
        "checks": {
                "200 OK": {
                    "fails": 0,
                    "name": "200 OK",
                    "path": "::200 OK",
                    "id": "e9654c443eff553da9e69eda7007924e",
                    "passes": 1500
                },
                "201 Created": {
                    "name": "201 Created",
                    "path": "::201 Created",
                    "id": "728dcd977aae263ca314731145e1d447",
                    "passes": 0,
                    "fails": 1500
                },
                "204 No Content": {
                    "id": "54fa3c2eda34e1622fda2da5e0479fc5",
                    "passes": 0,
                    "fails": 1500,
                    "name": "204 No Content",
                    "path": "::204 No Content"
                },
                "400 Bad Request": {
                    "name": "400 Bad Request",
                    "path": "::400 Bad Request",
                    "id": "eeae81934b9b58bccaf0184a6d070338",
                    "passes": 0,
                    "fails": 1500
                },
                "401 Unauthorized": {
                    "path": "::401 Unauthorized",
                    "id": "6ae9254e6aefe7f0bafe5102fa7e20a5",
                    "passes": 0,
                    "fails": 1500,
                    "name": "401 Unauthorized"
                },
                "403 Forbidden": {
                    "path": "::403 Forbidden",
                    "id": "655548b761742c5a7ad15aa7df3a5d9c",
                    "passes": 0,
                    "fails": 1500,
                    "name": "403 Forbidden"
                },
                "404 Not Found": {
                    "fails": 1500,
                    "name": "404 Not Found",
                    "path": "::404 Not Found",
                    "id": "df1528f9925ca236bac51008f77b774a",
                    "passes": 0
                },
                "429 Too Many Requests": {
                    "id": "b810c35b9499cc7342fd415032e3a6aa",
                    "passes": 0,
                    "fails": 1500,
                    "name": "429 Too Many Requests",
                    "path": "::429 Too Many Requests"
                },
                "500 Internal Server Error": {
                    "name": "500 Internal Server Error",
                    "path": "::500 Internal Server Error",
                    "id": "3cd96245b24e869810efe46d533b0eef",
                    "passes": 0,
                    "fails": 1500
                },
                "502 Bad Gateway": {
                    "fails": 1500,
                    "name": "502 Bad Gateway",
                    "path": "::502 Bad Gateway",
                    "id": "712cb0ec189a11f31f0d6d0c0031b569",
                    "passes": 0
                },
                "503 Service Unavailable": {
                    "name": "503 Service Unavailable",
                    "path": "::503 Service Unavailable",
                    "id": "f1ea1a22be0dc738c385523a66ea1cd9",
                    "passes": 0,
                    "fails": 1500
                },
                "504 Gateway Timeout": {
                    "name": "504 Gateway Timeout",
                    "path": "::504 Gateway Timeout",
                    "id": "218efb729cb654723ccd57c6ebbebe29",
                    "passes": 0,
                    "fails": 1500
                }
            }
    }
}