{
    "metrics": {
        "http_req_waiting": {
            "avg": 746.467118864867,
            "min": 0,
            "med": 578.46875,
            "max": 4045.8684,
            "p(90)": 1661.8296599999999,
            "p(95)": 1909.1039199999998
        },
        "vus": {
            "value": 1,
            "min": 0,
            "max": 3700
        },
        "vus_max": {
            "max": 3700,
            "value": 3700,
            "min": 3045
        },
        "iteration_duration": {
            "med": 8464.37305,
            "max": 30907.9549,
            "p(90)": 14283.87168,
            "p(95)": 15260.0068,
            "avg": 7572.5923064864855,
            "min": 1260.3049
        },
        "iterations": {
            "count": 3700,
            "rate": 104.43249646992054
        },
        "checks": {
            "passes": 3700,
            "fails": 40700,
            "value": 0.08333333333333333
        },
        "http_req_failed": {
            "fails": 3700,
            "passes": 0,
            "value": 0
        },
        "http_reqs": {
            "count": 3700,
            "rate": 104.43249646992054
        },
        "http_req_blocked": {
            "p(95)": 1048.1441049999994,
            "avg": 574.9830982972978,
            "min": 49.4424,
            "med": 550.977,
            "max": 1340.1772,
            "p(90)": 969.2109
        },
        "http_req_tls_handshaking": {
            "med": 378.67985,
            "max": 1340.1772,
            "p(90)": 967.6282600000001,
            "p(95)": 1047.3840599999999,
            "avg": 468.6635421621626,
            "min": 43.241
        },
        "http_req_connecting": {
            "avg": 105.53452162162117,
            "min": 0,
            "med": 4.2345,
            "max": 669.3838,
            "p(90)": 395.0866,
            "p(95)": 473.7834
        },
        "data_received": {
            "count": 14670500,
            "rate": 414074.8485032349
        },
        "data_sent": {
            "count": 3888524993,
            "rate": 109753614.21747845
        },
        "http_req_duration{expected_response:true}": {
            "min": 699.3684,
            "med": 7922.1702000000005,
            "max": 29842.3776,
            "p(90)": 13497.17075,
            "p(95)": 14470.167115,
            "avg": 6965.567814918916
        },
        "http_req_sending": {
            "p(95)": 14287.236595,
            "avg": 6218.136164621621,
            "min": 690.1223,
            "med": 6676.20995,
            "max": 29832.0425,
            "p(90)": 12364.29402
        },
        "http_req_duration": {
            "max": 29842.3776,
            "p(90)": 13497.17075,
            "p(95)": 14470.167115,
            "avg": 6965.567814918916,
            "min": 699.3684,
            "med": 7922.1702000000005
        },
        "http_req_receiving": {
            "min": 0,
            "med": 0,
            "max": 609.3513,
            "p(90)": 0.5958899999999999,
            "p(95)": 1.0006,
            "avg": 0.9645314324324328
        }
    },
    "root_group": {
        "name": "",
        "path": "",
        "id": "d41d8cd98f00b204e9800998ecf8427e",
        "groups": {},
        "checks": {
                "200 OK": {
                    "name": "200 OK",
                    "path": "::200 OK",
                    "id": "e9654c443eff553da9e69eda7007924e",
                    "passes": 3700,
                    "fails": 0
                },
                "201 Created": {
                    "name": "201 Created",
                    "path": "::201 Created",
                    "id": "728dcd977aae263ca314731145e1d447",
                    "passes": 0,
                    "fails": 3700
                },
                "204 No Content": {
                    "passes": 0,
                    "fails": 3700,
                    "name": "204 No Content",
                    "path": "::204 No Content",
                    "id": "54fa3c2eda34e1622fda2da5e0479fc5"
                },
                "400 Bad Request": {
                    "passes": 0,
                    "fails": 3700,
                    "name": "400 Bad Request",
                    "path": "::400 Bad Request",
                    "id": "eeae81934b9b58bccaf0184a6d070338"
                },
                "401 Unauthorized": {
                    "name": "401 Unauthorized",
                    "path": "::401 Unauthorized",
                    "id": "6ae9254e6aefe7f0bafe5102fa7e20a5",
                    "passes": 0,
                    "fails": 3700
                },
                "403 Forbidden": {
                    "passes": 0,
                    "fails": 3700,
                    "name": "403 Forbidden",
                    "path": "::403 Forbidden",
                    "id": "655548b761742c5a7ad15aa7df3a5d9c"
                },
                "404 Not Found": {
                    "name": "404 Not Found",
                    "path": "::404 Not Found",
                    "id": "df1528f9925ca236bac51008f77b774a",
                    "passes": 0,
                    "fails": 3700
                },
                "429 Too Many Requests": {
                    "name": "429 Too Many Requests",
                    "path": "::429 Too Many Requests",
                    "id": "b810c35b9499cc7342fd415032e3a6aa",
                    "passes": 0,
                    "fails": 3700
                },
                "500 Internal Server Error": {
                    "path": "::500 Internal Server Error",
                    "id": "3cd96245b24e869810efe46d533b0eef",
                    "passes": 0,
                    "fails": 3700,
                    "name": "500 Internal Server Error"
                },
                "502 Bad Gateway": {
                    "fails": 3700,
                    "name": "502 Bad Gateway",
                    "path": "::502 Bad Gateway",
                    "id": "712cb0ec189a11f31f0d6d0c0031b569",
                    "passes": 0
                },
                "503 Service Unavailable": {
                    "fails": 3700,
                    "name": "503 Service Unavailable",
                    "path": "::503 Service Unavailable",
                    "id": "f1ea1a22be0dc738c385523a66ea1cd9",
                    "passes": 0
                },
                "504 Gateway Timeout": {
                    "fails": 3700,
                    "name": "504 Gateway Timeout",
                    "path": "::504 Gateway Timeout",
                    "id": "218efb729cb654723ccd57c6ebbebe29",
                    "passes": 0
                }
            }
    }
}