{
    "metrics": {
        "http_req_sending": {
            "p(95)": 1139.21803,
            "avg": 892.8246839499991,
            "min": 132.0709,
            "med": 991.3362999999999,
            "max": 1445.9765,
            "p(90)": 1098.93709
        },
        "http_req_duration": {
            "avg": 1095.5199635499991,
            "min": 310.1627,
            "med": 1074.9827,
            "max": 1640.4601,
            "p(90)": 1444.9142000000002,
            "p(95)": 1478.227115
        },
        "vus_max": {
            "value": 2000,
            "min": 2000,
            "max": 2000
        },
        "iteration_duration": {
            "max": 3613.7043,
            "p(90)": 2328.3528800000004,
            "p(95)": 2409.53596,
            "avg": 1924.8043356500016,
            "min": 1002.1913,
            "med": 1993.67495
        },
        "http_reqs": {
            "count": 2000,
            "rate": 525.8356600027602
        },
        "iterations": {
            "count": 2000,
            "rate": 525.8356600027602
        },
        "http_req_waiting": {
            "med": 189.84050000000002,
            "max": 574.0684,
            "p(90)": 383.03493,
            "p(95)": 410.012885,
            "avg": 199.39117220000026,
            "min": 0
        },
        "http_req_duration{expected_response:true}": {
            "avg": 1095.5199635499991,
            "min": 310.1627,
            "med": 1074.9827,
            "max": 1640.4601,
            "p(90)": 1444.9142000000002,
            "p(95)": 1478.227115
        },
        "http_req_blocked": {
            "avg": 680.2366625999947,
            "min": 13.6433,
            "med": 625.2392500000001,
            "max": 1965.7951,
            "p(90)": 1297.0041900000012,
            "p(95)": 1609.624375
        },
        "vus": {
            "value": 863,
            "min": 863,
            "max": 2000
        },
        "checks": {
            "passes": 2000,
            "fails": 22000,
            "value": 0.08333333333333333
        },
        "http_req_receiving": {
            "med": 0,
            "max": 325.5537,
            "p(90)": 0.51142,
            "p(95)": 3.0241799999999874,
            "avg": 3.3041074000000004,
            "min": 0
        },
        "http_req_tls_handshaking": {
            "avg": 313.70527389999916,
            "min": 3.0005,
            "med": 249.2928,
            "max": 1501.9496,
            "p(90)": 507.3196,
            "p(95)": 746.7213
        },
        "data_sent": {
            "count": 2101904893,
            "rate": 552628273.3368429
        },
        "data_received": {
            "count": 7930000,
            "rate": 2084938.391910944
        },
        "http_req_connecting": {
            "p(95)": 1121.8482,
            "avg": 358.8083280499989,
            "min": 0,
            "med": 353.8153,
            "max": 1698.5805,
            "p(90)": 768.34547
        },
        "http_req_failed": {
            "passes": 0,
            "fails": 2000,
            "value": 0
        }
    },
    "root_group": {
        "name": "",
        "path": "",
        "id": "d41d8cd98f00b204e9800998ecf8427e",
        "groups": {},
        "checks": {
                "200 OK": {
                    "name": "200 OK",
                    "path": "::200 OK",
                    "id": "e9654c443eff553da9e69eda7007924e",
                    "passes": 2000,
                    "fails": 0
                },
                "201 Created": {
                    "name": "201 Created",
                    "path": "::201 Created",
                    "id": "728dcd977aae263ca314731145e1d447",
                    "passes": 0,
                    "fails": 2000
                },
                "204 No Content": {
                    "name": "204 No Content",
                    "path": "::204 No Content",
                    "id": "54fa3c2eda34e1622fda2da5e0479fc5",
                    "passes": 0,
                    "fails": 2000
                },
                "400 Bad Request": {
                    "passes": 0,
                    "fails": 2000,
                    "name": "400 Bad Request",
                    "path": "::400 Bad Request",
                    "id": "eeae81934b9b58bccaf0184a6d070338"
                },
                "401 Unauthorized": {
                    "name": "401 Unauthorized",
                    "path": "::401 Unauthorized",
                    "id": "6ae9254e6aefe7f0bafe5102fa7e20a5",
                    "passes": 0,
                    "fails": 2000
                },
                "403 Forbidden": {
                    "name": "403 Forbidden",
                    "path": "::403 Forbidden",
                    "id": "655548b761742c5a7ad15aa7df3a5d9c",
                    "passes": 0,
                    "fails": 2000
                },
                "404 Not Found": {
                    "name": "404 Not Found",
                    "path": "::404 Not Found",
                    "id": "df1528f9925ca236bac51008f77b774a",
                    "passes": 0,
                    "fails": 2000
                },
                "429 Too Many Requests": {
                    "id": "b810c35b9499cc7342fd415032e3a6aa",
                    "passes": 0,
                    "fails": 2000,
                    "name": "429 Too Many Requests",
                    "path": "::429 Too Many Requests"
                },
                "500 Internal Server Error": {
                    "fails": 2000,
                    "name": "500 Internal Server Error",
                    "path": "::500 Internal Server Error",
                    "id": "3cd96245b24e869810efe46d533b0eef",
                    "passes": 0
                },
                "502 Bad Gateway": {
                    "fails": 2000,
                    "name": "502 Bad Gateway",
                    "path": "::502 Bad Gateway",
                    "id": "712cb0ec189a11f31f0d6d0c0031b569",
                    "passes": 0
                },
                "503 Service Unavailable": {
                    "name": "503 Service Unavailable",
                    "path": "::503 Service Unavailable",
                    "id": "f1ea1a22be0dc738c385523a66ea1cd9",
                    "passes": 0,
                    "fails": 2000
                },
                "504 Gateway Timeout": {
                    "path": "::504 Gateway Timeout",
                    "id": "218efb729cb654723ccd57c6ebbebe29",
                    "passes": 0,
                    "fails": 2000,
                    "name": "504 Gateway Timeout"
                }
            }
    }
}