{
    "metrics": {
        "http_req_receiving": {
            "avg": 0.793,
            "min": 0.793,
            "med": 0.793,
            "max": 0.793,
            "p(90)": 0.793,
            "p(95)": 0.793
        },
        "iteration_duration": {
            "p(95)": 1000.565,
            "avg": 1000.565,
            "min": 1000.565,
            "med": 1000.565,
            "max": 1000.565,
            "p(90)": 1000.565
        },
        "http_req_sending": {
            "avg": 0,
            "min": 0,
            "med": 0,
            "max": 0,
            "p(90)": 0,
            "p(95)": 0
        },
        "http_req_failed": {
            "passes": 0,
            "fails": 1,
            "value": 0
        },
        "http_req_connecting": {
            "avg": 3.0809,
            "min": 3.0809,
            "med": 3.0809,
            "max": 3.0809,
            "p(90)": 3.0809,
            "p(95)": 3.0809
        },
        "http_req_tls_handshaking": {
            "p(95)": 5.4586,
            "avg": 5.4586,
            "min": 5.4586,
            "med": 5.4586,
            "max": 5.4586,
            "p(90)": 5.4586
        },
        "http_req_blocked": {
            "avg": 30.1923,
            "min": 30.1923,
            "med": 30.1923,
            "max": 30.1923,
            "p(90)": 30.1923,
            "p(95)": 30.1923
        },
        "vus_max": {
            "value": 1,
            "min": 1,
            "max": 1
        },
        "data_received": {
            "count": 4339,
            "rate": 4336.539447517479
        },
        "iterations": {
            "rate": 0.9994329217601933,
            "count": 1
        },
        "http_reqs": {
            "count": 1,
            "rate": 0.9994329217601933
        },
        "vus": {
            "value": 1,
            "min": 1,
            "max": 1
        },
        "http_req_waiting": {
            "med": 10.0747,
            "max": 10.0747,
            "p(90)": 10.0747,
            "p(95)": 10.0747,
            "avg": 10.0747,
            "min": 10.0747
        },
        "http_req_duration": {
            "avg": 10.8677,
            "min": 10.8677,
            "med": 10.8677,
            "max": 10.8677,
            "p(90)": 10.8677,
            "p(95)": 10.8677
        },
        "data_sent": {
            "count": 806,
            "rate": 805.5429349387158
        },
        "http_req_duration{expected_response:true}": {
            "avg": 10.8677,
            "min": 10.8677,
            "med": 10.8677,
            "max": 10.8677,
            "p(90)": 10.8677,
            "p(95)": 10.8677
        },
        "checks": {
            "fails": 11,
            "passes": 1,
            "value": 0.08333333333333333
        }
    },
    "root_group": {
        "name": "",
        "path": "",
        "id": "d41d8cd98f00b204e9800998ecf8427e",
        "groups": {},
        "checks": {
                "200 OK": {
                    "name": "200 OK",
                    "path": "::200 OK",
                    "id": "e9654c443eff553da9e69eda7007924e",
                    "passes": 1,
                    "fails": 0
                },
                "201 Created": {
                    "name": "201 Created",
                    "path": "::201 Created",
                    "id": "728dcd977aae263ca314731145e1d447",
                    "passes": 0,
                    "fails": 1
                },
                "204 No Content": {
                    "name": "204 No Content",
                    "path": "::204 No Content",
                    "id": "54fa3c2eda34e1622fda2da5e0479fc5",
                    "passes": 0,
                    "fails": 1
                },
                "400 Bad Request": {
                    "name": "400 Bad Request",
                    "path": "::400 Bad Request",
                    "id": "eeae81934b9b58bccaf0184a6d070338",
                    "passes": 0,
                    "fails": 1
                },
                "401 Unauthorized": {
                    "path": "::401 Unauthorized",
                    "id": "6ae9254e6aefe7f0bafe5102fa7e20a5",
                    "passes": 0,
                    "fails": 1,
                    "name": "401 Unauthorized"
                },
                "403 Forbidden": {
                    "path": "::403 Forbidden",
                    "id": "655548b761742c5a7ad15aa7df3a5d9c",
                    "passes": 0,
                    "fails": 1,
                    "name": "403 Forbidden"
                },
                "404 Not Found": {
                    "name": "404 Not Found",
                    "path": "::404 Not Found",
                    "id": "df1528f9925ca236bac51008f77b774a",
                    "passes": 0,
                    "fails": 1
                },
                "429 Too Many Requests": {
                    "name": "429 Too Many Requests",
                    "path": "::429 Too Many Requests",
                    "id": "b810c35b9499cc7342fd415032e3a6aa",
                    "passes": 0,
                    "fails": 1
                },
                "500 Internal Server Error": {
                    "id": "3cd96245b24e869810efe46d533b0eef",
                    "passes": 0,
                    "fails": 1,
                    "name": "500 Internal Server Error",
                    "path": "::500 Internal Server Error"
                },
                "502 Bad Gateway": {
                    "name": "502 Bad Gateway",
                    "path": "::502 Bad Gateway",
                    "id": "712cb0ec189a11f31f0d6d0c0031b569",
                    "passes": 0,
                    "fails": 1
                },
                "503 Service Unavailable": {
                    "name": "503 Service Unavailable",
                    "path": "::503 Service Unavailable",
                    "id": "f1ea1a22be0dc738c385523a66ea1cd9",
                    "passes": 0,
                    "fails": 1
                },
                "504 Gateway Timeout": {
                    "fails": 1,
                    "name": "504 Gateway Timeout",
                    "path": "::504 Gateway Timeout",
                    "id": "218efb729cb654723ccd57c6ebbebe29",
                    "passes": 0
                }
            }
    }
}