{
    "metrics": {
        "http_req_waiting": {
            "p(95)": 4784.06604,
            "avg": 2684.1448990749973,
            "min": 24.6171,
            "med": 2792.7491499999996,
            "max": 7103.1034,
            "p(90)": 4369.1893
        },
        "vus": {
            "max": 400,
            "value": 14,
            "min": 14
        },
        "http_req_duration": {
            "max": 7106.3688,
            "p(90)": 4375.1465,
            "p(95)": 4786.876334999999,
            "avg": 2693.7262819750044,
            "min": 27.3524,
            "med": 2804.8091999999997
        },
        "http_req_connecting": {
            "avg": 1.815034125,
            "min": 0,
            "med": 0,
            "max": 78.971,
            "p(90)": 0.20038999999981771,
            "p(95)": 7.988349999999997
        },
        "http_reqs": {
            "count": 4000,
            "rate": 122.28290331271508
        },
        "data_received": {
            "count": 3866400,
            "rate": 118198.6543420704
        },
        "http_req_receiving": {
            "med": 0,
            "max": 13.1675,
            "p(90)": 0.51575,
            "p(95)": 0.7532199999999982,
            "avg": 0.11858729999999988,
            "min": 0
        },
        "http_req_duration{expected_response:true}": {
            "avg": 2693.7262819750044,
            "min": 27.3524,
            "med": 2804.8091999999997,
            "max": 7106.3688,
            "p(90)": 4375.1465,
            "p(95)": 4786.876334999999
        },
        "vus_max": {
            "value": 400,
            "min": 400,
            "max": 400
        },
        "iterations": {
            "count": 4000,
            "rate": 122.28290331271508
        },
        "http_req_blocked": {
            "avg": 3.293450625000002,
            "min": 0,
            "med": 0,
            "max": 289.2837,
            "p(90)": 2.5505099999994982,
            "p(95)": 17.010849999999966
        },
        "http_req_tls_handshaking": {
            "max": 281.8138,
            "p(90)": 0.3671499999996661,
            "p(95)": 8.005344999999997,
            "avg": 1.4291411500000009,
            "min": 0,
            "med": 0
        },
        "checks": {
            "passes": 4000,
            "fails": 44000,
            "value": 0.08333333333333333
        },
        "http_req_sending": {
            "p(95)": 39.15564999999986,
            "avg": 9.462795600000018,
            "min": 0,
            "med": 3.29255,
            "max": 277.7604,
            "p(90)": 21.65442
        },
        "iteration_duration": {
            "p(90)": 4381.13482,
            "p(95)": 4791.813279999999,
            "avg": 2778.4336073750105,
            "min": 1003.7406,
            "med": 2819.0021500000003,
            "max": 7115.0016
        },
        "http_req_failed": {
            "fails": 4000,
            "passes": 0,
            "value": 0
        },
        "data_sent": {
            "count": 4202265320,
            "rate": 128466300.95498392
        }
    },
    "root_group": {
        "name": "",
        "path": "",
        "id": "d41d8cd98f00b204e9800998ecf8427e",
        "groups": {},
        "checks": {
                "200 OK": {
                    "path": "::200 OK",
                    "id": "e9654c443eff553da9e69eda7007924e",
                    "passes": 4000,
                    "fails": 0,
                    "name": "200 OK"
                },
                "201 Created": {
                    "passes": 0,
                    "fails": 4000,
                    "name": "201 Created",
                    "path": "::201 Created",
                    "id": "728dcd977aae263ca314731145e1d447"
                },
                "204 No Content": {
                    "name": "204 No Content",
                    "path": "::204 No Content",
                    "id": "54fa3c2eda34e1622fda2da5e0479fc5",
                    "passes": 0,
                    "fails": 4000
                },
                "400 Bad Request": {
                    "name": "400 Bad Request",
                    "path": "::400 Bad Request",
                    "id": "eeae81934b9b58bccaf0184a6d070338",
                    "passes": 0,
                    "fails": 4000
                },
                "401 Unauthorized": {
                    "name": "401 Unauthorized",
                    "path": "::401 Unauthorized",
                    "id": "6ae9254e6aefe7f0bafe5102fa7e20a5",
                    "passes": 0,
                    "fails": 4000
                },
                "403 Forbidden": {
                    "path": "::403 Forbidden",
                    "id": "655548b761742c5a7ad15aa7df3a5d9c",
                    "passes": 0,
                    "fails": 4000,
                    "name": "403 Forbidden"
                },
                "404 Not Found": {
                    "name": "404 Not Found",
                    "path": "::404 Not Found",
                    "id": "df1528f9925ca236bac51008f77b774a",
                    "passes": 0,
                    "fails": 4000
                },
                "429 Too Many Requests": {
                    "name": "429 Too Many Requests",
                    "path": "::429 Too Many Requests",
                    "id": "b810c35b9499cc7342fd415032e3a6aa",
                    "passes": 0,
                    "fails": 4000
                },
                "500 Internal Server Error": {
                    "name": "500 Internal Server Error",
                    "path": "::500 Internal Server Error",
                    "id": "3cd96245b24e869810efe46d533b0eef",
                    "passes": 0,
                    "fails": 4000
                },
                "502 Bad Gateway": {
                    "name": "502 Bad Gateway",
                    "path": "::502 Bad Gateway",
                    "id": "712cb0ec189a11f31f0d6d0c0031b569",
                    "passes": 0,
                    "fails": 4000
                },
                "503 Service Unavailable": {
                    "name": "503 Service Unavailable",
                    "path": "::503 Service Unavailable",
                    "id": "f1ea1a22be0dc738c385523a66ea1cd9",
                    "passes": 0,
                    "fails": 4000
                },
                "504 Gateway Timeout": {
                    "fails": 4000,
                    "name": "504 Gateway Timeout",
                    "path": "::504 Gateway Timeout",
                    "id": "218efb729cb654723ccd57c6ebbebe29",
                    "passes": 0
                }
            }
    }
}