{
    "metrics": {
        "http_req_failed": {
            "passes": 0,
            "fails": 1,
            "value": 0
        },
        "checks": {
            "passes": 1,
            "fails": 11,
            "value": 0.08333333333333333
        },
        "data_received": {
            "count": 3916,
            "rate": 3907.6809380509835
        },
        "http_req_waiting": {
            "max": 3.596,
            "p(90)": 3.596,
            "p(95)": 3.596,
            "avg": 3.596,
            "min": 3.596,
            "med": 3.596
        },
        "iteration_duration": {
            "med": 1002.1251,
            "max": 1002.1251,
            "p(90)": 1002.1251,
            "p(95)": 1002.1251,
            "avg": 1002.1251,
            "min": 1002.1251
        },
        "vus": {
            "value": 1,
            "min": 1,
            "max": 1
        },
        "vus_max": {
            "value": 1,
            "min": 1,
            "max": 1
        },
        "data_sent": {
            "rate": 858.173035424884,
            "count": 860
        },
        "http_reqs": {
            "count": 1,
            "rate": 0.9978756225870744
        },
        "http_req_tls_handshaking": {
            "avg": 6.5208,
            "min": 6.5208,
            "med": 6.5208,
            "max": 6.5208,
            "p(90)": 6.5208,
            "p(95)": 6.5208
        },
        "iterations": {
            "count": 1,
            "rate": 0.9978756225870744
        },
        "http_req_duration{expected_response:true}": {
            "avg": 7.3902,
            "min": 7.3902,
            "med": 7.3902,
            "max": 7.3902,
            "p(90)": 7.3902,
            "p(95)": 7.3902
        },
        "http_req_sending": {
            "max": 0,
            "p(90)": 0,
            "p(95)": 0,
            "avg": 0,
            "min": 0,
            "med": 0
        },
        "http_req_blocked": {
            "avg": 14.7333,
            "min": 14.7333,
            "med": 14.7333,
            "max": 14.7333,
            "p(90)": 14.7333,
            "p(95)": 14.7333
        },
        "http_req_duration": {
            "p(90)": 7.3902,
            "p(95)": 7.3902,
            "avg": 7.3902,
            "min": 7.3902,
            "med": 7.3902,
            "max": 7.3902
        },
        "http_req_connecting": {
            "avg": 0.5213,
            "min": 0.5213,
            "med": 0.5213,
            "max": 0.5213,
            "p(90)": 0.5213,
            "p(95)": 0.5213
        },
        "http_req_receiving": {
            "avg": 3.7942,
            "min": 3.7942,
            "med": 3.7942,
            "max": 3.7942,
            "p(90)": 3.7942,
            "p(95)": 3.7942
        }
    },
    "root_group": {
        "name": "",
        "path": "",
        "id": "d41d8cd98f00b204e9800998ecf8427e",
        "groups": {},
        "checks": {
                "200 OK": {
                    "name": "200 OK",
                    "path": "::200 OK",
                    "id": "e9654c443eff553da9e69eda7007924e",
                    "passes": 1,
                    "fails": 0
                },
                "201 Created": {
                    "name": "201 Created",
                    "path": "::201 Created",
                    "id": "728dcd977aae263ca314731145e1d447",
                    "passes": 0,
                    "fails": 1
                },
                "204 No Content": {
                    "passes": 0,
                    "fails": 1,
                    "name": "204 No Content",
                    "path": "::204 No Content",
                    "id": "54fa3c2eda34e1622fda2da5e0479fc5"
                },
                "400 Bad Request": {
                    "name": "400 Bad Request",
                    "path": "::400 Bad Request",
                    "id": "eeae81934b9b58bccaf0184a6d070338",
                    "passes": 0,
                    "fails": 1
                },
                "401 Unauthorized": {
                    "name": "401 Unauthorized",
                    "path": "::401 Unauthorized",
                    "id": "6ae9254e6aefe7f0bafe5102fa7e20a5",
                    "passes": 0,
                    "fails": 1
                },
                "403 Forbidden": {
                    "path": "::403 Forbidden",
                    "id": "655548b761742c5a7ad15aa7df3a5d9c",
                    "passes": 0,
                    "fails": 1,
                    "name": "403 Forbidden"
                },
                "404 Not Found": {
                    "fails": 1,
                    "name": "404 Not Found",
                    "path": "::404 Not Found",
                    "id": "df1528f9925ca236bac51008f77b774a",
                    "passes": 0
                },
                "429 Too Many Requests": {
                    "fails": 1,
                    "name": "429 Too Many Requests",
                    "path": "::429 Too Many Requests",
                    "id": "b810c35b9499cc7342fd415032e3a6aa",
                    "passes": 0
                },
                "500 Internal Server Error": {
                    "name": "500 Internal Server Error",
                    "path": "::500 Internal Server Error",
                    "id": "3cd96245b24e869810efe46d533b0eef",
                    "passes": 0,
                    "fails": 1
                },
                "502 Bad Gateway": {
                    "name": "502 Bad Gateway",
                    "path": "::502 Bad Gateway",
                    "id": "712cb0ec189a11f31f0d6d0c0031b569",
                    "passes": 0,
                    "fails": 1
                },
                "503 Service Unavailable": {
                    "id": "f1ea1a22be0dc738c385523a66ea1cd9",
                    "passes": 0,
                    "fails": 1,
                    "name": "503 Service Unavailable",
                    "path": "::503 Service Unavailable"
                },
                "504 Gateway Timeout": {
                    "path": "::504 Gateway Timeout",
                    "id": "218efb729cb654723ccd57c6ebbebe29",
                    "passes": 0,
                    "fails": 1,
                    "name": "504 Gateway Timeout"
                }
            }
    }
}