{
    "metrics": {
        "http_reqs": {
            "rate": 11.405688196343107,
            "count": 400
        },
        "data_sent": {
            "count": 339200,
            "rate": 9672.023590498953
        },
        "iterations": {
            "count": 400,
            "rate": 11.405688196343107
        },
        "http_req_duration{expected_response:true}": {
            "p(95)": 34259.576245000004,
            "avg": 31017.864364999998,
            "min": 27758.5256,
            "med": 30471.7581,
            "max": 34952.8218,
            "p(90)": 33631.00763
        },
        "http_req_blocked": {
            "min": 5.9978,
            "med": 22.2017,
            "max": 88.1375,
            "p(90)": 40.697500000000005,
            "p(95)": 46.199625,
            "avg": 24.54086299999998
        },
        "http_req_sending": {
            "med": 0,
            "max": 34,
            "p(90)": 1.99993,
            "p(95)": 3.0055899999999993,
            "avg": 0.9618722499999997,
            "min": 0
        },
        "http_req_waiting": {
            "avg": 30140.78222325,
            "min": 27728.8825,
            "med": 30057.2821,
            "max": 34428.246,
            "p(90)": 30917.02894,
            "p(95)": 31955.234075
        },
        "http_req_tls_handshaking": {
            "avg": 16.789646749999996,
            "min": 3.0003,
            "med": 14.9147,
            "max": 50.7395,
            "p(90)": 29.120080000000012,
            "p(95)": 34.64643499999999
        },
        "data_received": {
            "count": 93436910,
            "rate": 2664280.653724433
        },
        "vus_max": {
            "value": 400,
            "min": 400,
            "max": 400
        },
        "http_req_duration": {
            "p(95)": 34259.576245000004,
            "avg": 31017.864364999998,
            "min": 27758.5256,
            "med": 30471.7581,
            "max": 34952.8218,
            "p(90)": 33631.00763
        },
        "http_req_failed": {
            "passes": 0,
            "fails": 400,
            "value": 0
        },
        "http_req_connecting": {
            "min": 1.8088,
            "med": 3.95045,
            "max": 40.5846,
            "p(90)": 13.7778,
            "p(95)": 15.547779999999984,
            "avg": 6.571781750000003
        },
        "iteration_duration": {
            "avg": 32718.931621749987,
            "min": 27879.7883,
            "med": 33099.3674,
            "max": 35059.5026,
            "p(90)": 34627.95861,
            "p(95)": 34815.056275
        },
        "vus": {
            "value": 35,
            "min": 35,
            "max": 400
        },
        "http_req_receiving": {
            "avg": 876.1202695000002,
            "min": 0,
            "med": 127.8746,
            "max": 5557.8164,
            "p(90)": 3028.5570100000004,
            "p(95)": 3934.9998
        },
        "checks": {
            "fails": 4400,
            "passes": 400,
            "value": 0.08333333333333333
        }
    },
    "root_group": {
        "name": "",
        "path": "",
        "id": "d41d8cd98f00b204e9800998ecf8427e",
        "groups": {},
        "checks": {
                "200 OK": {
                    "passes": 400,
                    "fails": 0,
                    "name": "200 OK",
                    "path": "::200 OK",
                    "id": "e9654c443eff553da9e69eda7007924e"
                },
                "201 Created": {
                    "name": "201 Created",
                    "path": "::201 Created",
                    "id": "728dcd977aae263ca314731145e1d447",
                    "passes": 0,
                    "fails": 400
                },
                "204 No Content": {
                    "id": "54fa3c2eda34e1622fda2da5e0479fc5",
                    "passes": 0,
                    "fails": 400,
                    "name": "204 No Content",
                    "path": "::204 No Content"
                },
                "400 Bad Request": {
                    "id": "eeae81934b9b58bccaf0184a6d070338",
                    "passes": 0,
                    "fails": 400,
                    "name": "400 Bad Request",
                    "path": "::400 Bad Request"
                },
                "401 Unauthorized": {
                    "path": "::401 Unauthorized",
                    "id": "6ae9254e6aefe7f0bafe5102fa7e20a5",
                    "passes": 0,
                    "fails": 400,
                    "name": "401 Unauthorized"
                },
                "403 Forbidden": {
                    "name": "403 Forbidden",
                    "path": "::403 Forbidden",
                    "id": "655548b761742c5a7ad15aa7df3a5d9c",
                    "passes": 0,
                    "fails": 400
                },
                "404 Not Found": {
                    "path": "::404 Not Found",
                    "id": "df1528f9925ca236bac51008f77b774a",
                    "passes": 0,
                    "fails": 400,
                    "name": "404 Not Found"
                },
                "429 Too Many Requests": {
                    "passes": 0,
                    "fails": 400,
                    "name": "429 Too Many Requests",
                    "path": "::429 Too Many Requests",
                    "id": "b810c35b9499cc7342fd415032e3a6aa"
                },
                "500 Internal Server Error": {
                    "name": "500 Internal Server Error",
                    "path": "::500 Internal Server Error",
                    "id": "3cd96245b24e869810efe46d533b0eef",
                    "passes": 0,
                    "fails": 400
                },
                "502 Bad Gateway": {
                    "name": "502 Bad Gateway",
                    "path": "::502 Bad Gateway",
                    "id": "712cb0ec189a11f31f0d6d0c0031b569",
                    "passes": 0,
                    "fails": 400
                },
                "503 Service Unavailable": {
                    "name": "503 Service Unavailable",
                    "path": "::503 Service Unavailable",
                    "id": "f1ea1a22be0dc738c385523a66ea1cd9",
                    "passes": 0,
                    "fails": 400
                },
                "504 Gateway Timeout": {
                    "name": "504 Gateway Timeout",
                    "path": "::504 Gateway Timeout",
                    "id": "218efb729cb654723ccd57c6ebbebe29",
                    "passes": 0,
                    "fails": 400
                }
            }
    }
}