{
    "metrics": {
        "http_req_receiving": {
            "min": 0,
            "med": 0,
            "max": 0,
            "p(90)": 0,
            "p(95)": 0,
            "avg": 0
        },
        "vus": {
            "max": 1000,
            "value": 172,
            "min": 172
        },
        "iteration_duration": {
            "p(90)": 62335.96712,
            "p(95)": 62391.10921,
            "avg": 61842.480414500016,
            "min": 60004.7451,
            "med": 62020.9352,
            "max": 62689.9524
        },
        "iterations": {
            "rate": 15.937376996818466,
            "count": 1000
        },
        "http_req_tls_handshaking": {
            "max": 415.2998,
            "p(90)": 251.739,
            "p(95)": 278.1801149999999,
            "avg": 110.77808900000008,
            "min": 63.9986,
            "med": 81.9997
        },
        "http_req_sending": {
            "med": 1.0021,
            "max": 25.0013,
            "p(90)": 3.9988,
            "p(95)": 4.0038,
            "avg": 1.6432930000000001,
            "min": 0
        },
        "http_req_failed": {
            "passes": 1000,
            "fails": 0,
            "value": 1
        },
        "http_req_blocked": {
            "max": 750.4858,
            "p(90)": 432.95861,
            "p(95)": 601.923895,
            "avg": 323.5469697,
            "min": 97.6794,
            "med": 332.0969
        },
        "checks": {
            "passes": 1000,
            "fails": 11000,
            "value": 0.08333333333333333
        },
        "data_received": {
            "count": 3456000,
            "rate": 55079.57490100462
        },
        "http_req_duration": {
            "p(90)": 59841.22387,
            "p(95)": 59848.241969999995,
            "avg": 59678.25311409998,
            "min": 59249.7513,
            "med": 59671.7973,
            "max": 59903.579
        },
        "data_sent": {
            "count": 872000,
            "rate": 13897.392741225704
        },
        "vus_max": {
            "value": 1000,
            "min": 1000,
            "max": 1000
        },
        "http_reqs": {
            "count": 1000,
            "rate": 15.937376996818466
        },
        "http_req_connecting": {
            "max": 249.0293,
            "p(90)": 188.0193,
            "p(95)": 191.62152499999996,
            "avg": 135.2370519,
            "min": 3.0025,
            "med": 147.4549
        },
        "http_req_waiting": {
            "avg": 59676.60982109996,
            "min": 59249.7513,
            "med": 59670.51105,
            "max": 59903.579,
            "p(90)": 59839.5663,
            "p(95)": 59848.22647
        }
    },
    "root_group": {
        "name": "",
        "path": "",
        "id": "d41d8cd98f00b204e9800998ecf8427e",
        "groups": {},
        "checks": {
                "200 OK": {
                    "fails": 0,
                    "name": "200 OK",
                    "path": "::200 OK",
                    "id": "e9654c443eff553da9e69eda7007924e",
                    "passes": 1000
                },
                "201 Created": {
                    "name": "201 Created",
                    "path": "::201 Created",
                    "id": "728dcd977aae263ca314731145e1d447",
                    "passes": 0,
                    "fails": 1000
                },
                "204 No Content": {
                    "name": "204 No Content",
                    "path": "::204 No Content",
                    "id": "54fa3c2eda34e1622fda2da5e0479fc5",
                    "passes": 0,
                    "fails": 1000
                },
                "400 Bad Request": {
                    "name": "400 Bad Request",
                    "path": "::400 Bad Request",
                    "id": "eeae81934b9b58bccaf0184a6d070338",
                    "passes": 0,
                    "fails": 1000
                },
                "401 Unauthorized": {
                    "name": "401 Unauthorized",
                    "path": "::401 Unauthorized",
                    "id": "6ae9254e6aefe7f0bafe5102fa7e20a5",
                    "passes": 0,
                    "fails": 1000
                },
                "403 Forbidden": {
                    "id": "655548b761742c5a7ad15aa7df3a5d9c",
                    "passes": 0,
                    "fails": 1000,
                    "name": "403 Forbidden",
                    "path": "::403 Forbidden"
                },
                "404 Not Found": {
                    "name": "404 Not Found",
                    "path": "::404 Not Found",
                    "id": "df1528f9925ca236bac51008f77b774a",
                    "passes": 0,
                    "fails": 1000
                },
                "429 Too Many Requests": {
                    "fails": 1000,
                    "name": "429 Too Many Requests",
                    "path": "::429 Too Many Requests",
                    "id": "b810c35b9499cc7342fd415032e3a6aa",
                    "passes": 0
                },
                "500 Internal Server Error": {
                    "name": "500 Internal Server Error",
                    "path": "::500 Internal Server Error",
                    "id": "3cd96245b24e869810efe46d533b0eef",
                    "passes": 0,
                    "fails": 1000
                },
                "502 Bad Gateway": {
                    "name": "502 Bad Gateway",
                    "path": "::502 Bad Gateway",
                    "id": "712cb0ec189a11f31f0d6d0c0031b569",
                    "passes": 0,
                    "fails": 1000
                },
                "503 Service Unavailable": {
                    "fails": 1000,
                    "name": "503 Service Unavailable",
                    "path": "::503 Service Unavailable",
                    "id": "f1ea1a22be0dc738c385523a66ea1cd9",
                    "passes": 0
                },
                "504 Gateway Timeout": {
                    "fails": 1000,
                    "name": "504 Gateway Timeout",
                    "path": "::504 Gateway Timeout",
                    "id": "218efb729cb654723ccd57c6ebbebe29",
                    "passes": 0
                }
            }
    }
}