{
    "metrics": {
        "vus_max": {
            "value": 300,
            "min": 300,
            "max": 300
        },
        "http_req_connecting": {
            "avg": 5.965439666666663,
            "min": 2.1838,
            "med": 3.5985,
            "max": 17.6579,
            "p(90)": 11.34279,
            "p(95)": 12.7873
        },
        "http_req_failed": {
            "passes": 0,
            "fails": 300,
            "value": 0
        },
        "http_req_blocked": {
            "min": 17.0365,
            "med": 31.326,
            "max": 68.06,
            "p(90)": 57.74876000000001,
            "p(95)": 65.042865,
            "avg": 35.015907666666635
        },
        "http_req_receiving": {
            "med": 6.8740000000000006,
            "max": 2207.6989,
            "p(90)": 549.1548200000001,
            "p(95)": 977.0660050000004,
            "avg": 144.5614043333334,
            "min": 0
        },
        "data_sent": {
            "count": 254400,
            "rate": 5376.248975915971
        },
        "iteration_duration": {
            "avg": 45448.76206633335,
            "min": 41789.5961,
            "med": 45888.49565,
            "max": 47317.0357,
            "p(90)": 46990.7722,
            "p(95)": 47207.714375
        },
        "iterations": {
            "count": 300,
            "rate": 6.339916245183927
        },
        "http_req_duration{expected_response:true}": {
            "p(90)": 45881.93097,
            "p(95)": 46304.085765,
            "avg": 44479.55618833335,
            "min": 41690.698,
            "med": 44472.497350000005,
            "max": 47169.5738
        },
        "checks": {
            "passes": 300,
            "fails": 3300,
            "value": 0.08333333333333333
        },
        "vus": {
            "value": 48,
            "min": 48,
            "max": 300
        },
        "http_req_sending": {
            "med": 0,
            "max": 13.805,
            "p(90)": 2.2803,
            "p(95)": 4.996245,
            "avg": 0.9375246666666667,
            "min": 0
        },
        "data_received": {
            "count": 70043460,
            "rate": 1480232.233076302
        },
        "http_reqs": {
            "count": 300,
            "rate": 6.339916245183927
        },
        "http_req_duration": {
            "p(90)": 45881.93097,
            "p(95)": 46304.085765,
            "avg": 44479.55618833335,
            "min": 41690.698,
            "med": 44472.497350000005,
            "max": 47169.5738
        },
        "http_req_tls_handshaking": {
            "p(90)": 54.76779000000001,
            "p(95)": 61.89253,
            "avg": 25.627009999999984,
            "min": 7.0485,
            "med": 22.0562,
            "max": 65.149
        },
        "http_req_waiting": {
            "avg": 44334.05725933334,
            "min": 41675.8408,
            "med": 44310.30705,
            "max": 46763.4796,
            "p(90)": 45495.42057,
            "p(95)": 45841.89502
        }
    },
    "root_group": {
        "id": "d41d8cd98f00b204e9800998ecf8427e",
        "groups": {},
        "checks": {
                "200 OK": {
                    "name": "200 OK",
                    "path": "::200 OK",
                    "id": "e9654c443eff553da9e69eda7007924e",
                    "passes": 300,
                    "fails": 0
                },
                "201 Created": {
                    "path": "::201 Created",
                    "id": "728dcd977aae263ca314731145e1d447",
                    "passes": 0,
                    "fails": 300,
                    "name": "201 Created"
                },
                "204 No Content": {
                    "path": "::204 No Content",
                    "id": "54fa3c2eda34e1622fda2da5e0479fc5",
                    "passes": 0,
                    "fails": 300,
                    "name": "204 No Content"
                },
                "400 Bad Request": {
                    "fails": 300,
                    "name": "400 Bad Request",
                    "path": "::400 Bad Request",
                    "id": "eeae81934b9b58bccaf0184a6d070338",
                    "passes": 0
                },
                "401 Unauthorized": {
                    "name": "401 Unauthorized",
                    "path": "::401 Unauthorized",
                    "id": "6ae9254e6aefe7f0bafe5102fa7e20a5",
                    "passes": 0,
                    "fails": 300
                },
                "403 Forbidden": {
                    "path": "::403 Forbidden",
                    "id": "655548b761742c5a7ad15aa7df3a5d9c",
                    "passes": 0,
                    "fails": 300,
                    "name": "403 Forbidden"
                },
                "404 Not Found": {
                    "fails": 300,
                    "name": "404 Not Found",
                    "path": "::404 Not Found",
                    "id": "df1528f9925ca236bac51008f77b774a",
                    "passes": 0
                },
                "429 Too Many Requests": {
                    "id": "b810c35b9499cc7342fd415032e3a6aa",
                    "passes": 0,
                    "fails": 300,
                    "name": "429 Too Many Requests",
                    "path": "::429 Too Many Requests"
                },
                "500 Internal Server Error": {
                    "name": "500 Internal Server Error",
                    "path": "::500 Internal Server Error",
                    "id": "3cd96245b24e869810efe46d533b0eef",
                    "passes": 0,
                    "fails": 300
                },
                "502 Bad Gateway": {
                    "id": "712cb0ec189a11f31f0d6d0c0031b569",
                    "passes": 0,
                    "fails": 300,
                    "name": "502 Bad Gateway",
                    "path": "::502 Bad Gateway"
                },
                "503 Service Unavailable": {
                    "name": "503 Service Unavailable",
                    "path": "::503 Service Unavailable",
                    "id": "f1ea1a22be0dc738c385523a66ea1cd9",
                    "passes": 0,
                    "fails": 300
                },
                "504 Gateway Timeout": {
                    "name": "504 Gateway Timeout",
                    "path": "::504 Gateway Timeout",
                    "id": "218efb729cb654723ccd57c6ebbebe29",
                    "passes": 0,
                    "fails": 300
                }
            },
        "name": "",
        "path": ""
    }
}