{
    "metrics": {
        "iteration_duration": {
            "max": 24683.398,
            "p(90)": 19236.52866,
            "p(95)": 21134.506830000002,
            "avg": 15852.3815729333,
            "min": 6247.714,
            "med": 16514.98025
        },
        "http_req_receiving": {
            "med": 0,
            "max": 5625.069,
            "p(90)": 1.00421,
            "p(95)": 5.01552,
            "avg": 113.01309246666662,
            "min": 0
        },
        "http_req_failed": {
            "passes": 0,
            "fails": 4500,
            "value": 0
        },
        "data_received": {
            "count": 18346500,
            "rate": 735750.4047168618
        },
        "data_sent": {
            "count": 4729606941,
            "rate": 189671611.5331223
        },
        "http_reqs": {
            "count": 4500,
            "rate": 180.46367542724104
        },
        "vus_max": {
            "value": 4500,
            "min": 2272,
            "max": 4500
        },
        "http_req_duration{expected_response:true}": {
            "p(90)": 12622.8079,
            "p(95)": 13386.01195,
            "avg": 10418.668904755557,
            "min": 54.5544,
            "med": 10855.15315,
            "max": 18358.2826
        },
        "http_req_duration": {
            "p(90)": 12622.8079,
            "p(95)": 13386.01195,
            "avg": 10418.668904755557,
            "min": 54.5544,
            "med": 10855.15315,
            "max": 18358.2826
        },
        "http_req_blocked": {
            "avg": 4689.424831488884,
            "min": 514.0551,
            "med": 5776.01545,
            "max": 11449.0548,
            "p(90)": 6814.56445,
            "p(95)": 7986.371770000016
        },
        "checks": {
            "passes": 4500,
            "fails": 49500,
            "value": 0.08333333333333333
        },
        "vus": {
            "value": 1738,
            "min": 0,
            "max": 4492
        },
        "http_req_tls_handshaking": {
            "p(90)": 2507.0456,
            "p(95)": 3276.648075000001,
            "avg": 1755.9725669111097,
            "min": 9.9899,
            "med": 1985.50335,
            "max": 7650.1751
        },
        "http_req_sending": {
            "med": 9873.0644,
            "max": 16752.8191,
            "p(90)": 11517.81087,
            "p(95)": 11858.84771,
            "avg": 8727.073473311097,
            "min": 0
        },
        "http_req_waiting": {
            "avg": 1578.5823389777795,
            "min": 0,
            "med": 1553.4537500000001,
            "max": 5841.1024,
            "p(90)": 2415.77182,
            "p(95)": 4428.866650000001
        },
        "iterations": {
            "count": 4500,
            "rate": 180.46367542724104
        },
        "http_req_connecting": {
            "avg": 2912.7531075111087,
            "min": 148.027,
            "med": 3430.20585,
            "max": 8143.6657,
            "p(90)": 4840.79982,
            "p(95)": 4997.587205000001
        }
    },
    "root_group": {
        "checks": {
            "200 OK": {
                "name": "200 OK",
                "path": "::200 OK",
                "id": "e9654c443eff553da9e69eda7007924e",
                "passes": 4500,
                "fails": 0
            },
            "201 Created": {
                "name": "201 Created",
                "path": "::201 Created",
                "id": "728dcd977aae263ca314731145e1d447",
                "passes": 0,
                "fails": 4500
            },
            "204 No Content": {
                "name": "204 No Content",
                "path": "::204 No Content",
                "id": "54fa3c2eda34e1622fda2da5e0479fc5",
                "passes": 0,
                "fails": 4500
            },
            "400 Bad Request": {
                "name": "400 Bad Request",
                "path": "::400 Bad Request",
                "id": "eeae81934b9b58bccaf0184a6d070338",
                "passes": 0,
                "fails": 4500
            },
            "401 Unauthorized": {
                "name": "401 Unauthorized",
                "path": "::401 Unauthorized",
                "id": "6ae9254e6aefe7f0bafe5102fa7e20a5",
                "passes": 0,
                "fails": 4500
            },
            "403 Forbidden": {
                "id": "655548b761742c5a7ad15aa7df3a5d9c",
                "passes": 0,
                "fails": 4500,
                "name": "403 Forbidden",
                "path": "::403 Forbidden"
            },
            "404 Not Found": {
                "path": "::404 Not Found",
                "id": "df1528f9925ca236bac51008f77b774a",
                "passes": 0,
                "fails": 4500,
                "name": "404 Not Found"
            },
            "429 Too Many Requests": {
                "id": "b810c35b9499cc7342fd415032e3a6aa",
                "passes": 0,
                "fails": 4500,
                "name": "429 Too Many Requests",
                "path": "::429 Too Many Requests"
            },
            "500 Internal Server Error": {
                "fails": 4500,
                "name": "500 Internal Server Error",
                "path": "::500 Internal Server Error",
                "id": "3cd96245b24e869810efe46d533b0eef",
                "passes": 0
            },
            "502 Bad Gateway": {
                "id": "712cb0ec189a11f31f0d6d0c0031b569",
                "passes": 0,
                "fails": 4500,
                "name": "502 Bad Gateway",
                "path": "::502 Bad Gateway"
            },
            "503 Service Unavailable": {
                "name": "503 Service Unavailable",
                "path": "::503 Service Unavailable",
                "id": "f1ea1a22be0dc738c385523a66ea1cd9",
                "passes": 0,
                "fails": 4500
            },
            "504 Gateway Timeout": {
                "id": "218efb729cb654723ccd57c6ebbebe29",
                "passes": 0,
                "fails": 4500,
                "name": "504 Gateway Timeout",
                "path": "::504 Gateway Timeout"
            }
        },
        "name": "",
        "path": "",
        "id": "d41d8cd98f00b204e9800998ecf8427e",
        "groups": {}
    }
}