{
    "metrics": {
        "http_reqs": {
            "count": 15000,
            "rate": 1910.1769836280641
        },
        "http_req_tls_handshaking": {
            "avg": 2159.6274830999914,
            "min": 4.0008,
            "med": 2106.3195,
            "max": 2594.7754,
            "p(90)": 2410.1652,
            "p(95)": 2535.6374
        },
        "vus": {
            "value": 8165,
            "min": 0,
            "max": 14978
        },
        "http_req_sending": {
            "avg": 0.2869913133333333,
            "min": 0,
            "med": 0,
            "max": 55.4544,
            "p(90)": 0.9999,
            "p(95)": 1.0015
        },
        "http_req_blocked": {
            "max": 5062.9987,
            "p(90)": 4679.347940000001,
            "p(95)": 4690.05561,
            "avg": 4507.749063133279,
            "min": 800.6909,
            "med": 4639.1198
        },
        "vus_max": {
            "value": 15000,
            "min": 2651,
            "max": 15000
        },
        "data_received": {
            "count": 92955088,
            "rate": 11837377.97391475
        },
        "http_req_waiting": {
            "p(95)": 2089.068545,
            "avg": 1353.8444734000188,
            "min": 0,
            "med": 1384.4057,
            "max": 2579.6463,
            "p(90)": 2031.85608
        },
        "http_req_receiving": {
            "avg": 87.46969868000154,
            "min": 0,
            "med": 1.0012,
            "max": 2522.7169,
            "p(90)": 5.006580000000004,
            "p(95)": 848.96306
        },
        "http_req_failed": {
            "passes": 0,
            "fails": 15000,
            "value": 0
        },
        "iterations": {
            "count": 15000,
            "rate": 1910.1769836280641
        },
        "checks": {
            "passes": 15000,
            "fails": 165000,
            "value": 0.08333333333333333
        },
        "iteration_duration": {
            "p(95)": 6621.7762,
            "avg": 5967.839457646693,
            "min": 1332.259,
            "med": 5992.3561,
            "max": 7022.3034,
            "p(90)": 6599.93587
        },
        "http_req_duration{expected_response:true}": {
            "med": 1441.3311,
            "max": 2582.6462,
            "p(90)": 2040.8516,
            "p(95)": 2114.3241000000003,
            "avg": 1441.6011633933501,
            "min": 7.9972
        },
        "http_req_connecting": {
            "p(90)": 2566.1450999999997,
            "p(95)": 2570.523525,
            "avg": 2346.8712114733034,
            "min": 141.4163,
            "med": 2512.517,
            "max": 2898.8477
        },
        "data_sent": {
            "count": 11639971,
            "rate": 1482293.6462865428
        },
        "http_req_duration": {
            "p(95)": 2114.3241000000003,
            "avg": 1441.6011633933501,
            "min": 7.9972,
            "med": 1441.3311,
            "max": 2582.6462,
            "p(90)": 2040.8516
        }
    },
    "root_group": {
        "id": "d41d8cd98f00b204e9800998ecf8427e",
        "groups": {},
        "checks": {
                "200 OK": {
                    "name": "200 OK",
                    "path": "::200 OK",
                    "id": "e9654c443eff553da9e69eda7007924e",
                    "passes": 15000,
                    "fails": 0
                },
                "201 Created": {
                    "id": "728dcd977aae263ca314731145e1d447",
                    "passes": 0,
                    "fails": 15000,
                    "name": "201 Created",
                    "path": "::201 Created"
                },
                "204 No Content": {
                    "path": "::204 No Content",
                    "id": "54fa3c2eda34e1622fda2da5e0479fc5",
                    "passes": 0,
                    "fails": 15000,
                    "name": "204 No Content"
                },
                "400 Bad Request": {
                    "name": "400 Bad Request",
                    "path": "::400 Bad Request",
                    "id": "eeae81934b9b58bccaf0184a6d070338",
                    "passes": 0,
                    "fails": 15000
                },
                "401 Unauthorized": {
                    "fails": 15000,
                    "name": "401 Unauthorized",
                    "path": "::401 Unauthorized",
                    "id": "6ae9254e6aefe7f0bafe5102fa7e20a5",
                    "passes": 0
                },
                "403 Forbidden": {
                    "name": "403 Forbidden",
                    "path": "::403 Forbidden",
                    "id": "655548b761742c5a7ad15aa7df3a5d9c",
                    "passes": 0,
                    "fails": 15000
                },
                "404 Not Found": {
                    "id": "df1528f9925ca236bac51008f77b774a",
                    "passes": 0,
                    "fails": 15000,
                    "name": "404 Not Found",
                    "path": "::404 Not Found"
                },
                "429 Too Many Requests": {
                    "fails": 15000,
                    "name": "429 Too Many Requests",
                    "path": "::429 Too Many Requests",
                    "id": "b810c35b9499cc7342fd415032e3a6aa",
                    "passes": 0
                },
                "500 Internal Server Error": {
                    "id": "3cd96245b24e869810efe46d533b0eef",
                    "passes": 0,
                    "fails": 15000,
                    "name": "500 Internal Server Error",
                    "path": "::500 Internal Server Error"
                },
                "502 Bad Gateway": {
                    "name": "502 Bad Gateway",
                    "path": "::502 Bad Gateway",
                    "id": "712cb0ec189a11f31f0d6d0c0031b569",
                    "passes": 0,
                    "fails": 15000
                },
                "503 Service Unavailable": {
                    "name": "503 Service Unavailable",
                    "path": "::503 Service Unavailable",
                    "id": "f1ea1a22be0dc738c385523a66ea1cd9",
                    "passes": 0,
                    "fails": 15000
                },
                "504 Gateway Timeout": {
                    "name": "504 Gateway Timeout",
                    "path": "::504 Gateway Timeout",
                    "id": "218efb729cb654723ccd57c6ebbebe29",
                    "passes": 0,
                    "fails": 15000
                }
            },
        "name": "",
        "path": ""
    }
}