{
    "metrics": {
        "http_req_waiting": {
            "max": 43567.6827,
            "p(90)": 11490.820770000002,
            "p(95)": 23908.61803,
            "avg": 5600.802716294985,
            "min": 0,
            "med": 3499.8061
        },
        "http_req_receiving": {
            "p(95)": 1168.4130999999993,
            "avg": 826.5931207350039,
            "min": 0,
            "med": 46.0054,
            "max": 43504.0817,
            "p(90)": 502.3021
        },
        "iterations": {
            "count": 20000,
            "rate": 251.43232351721636
        },
        "http_reqs": {
            "count": 20000,
            "rate": 251.43232351721636
        },
        "http_req_sending": {
            "avg": 75.76906420000014,
            "min": 0,
            "med": 0,
            "max": 36041.2128,
            "p(90)": 8.999020000000002,
            "p(95)": 15.614604999999974
        },
        "data_received": {
            "count": 123884096,
            "rate": 1557423.3052054944
        },
        "http_req_duration": {
            "avg": 6503.16490123002,
            "min": 0,
            "med": 5552.4935000000005,
            "max": 43574.6903,
            "p(90)": 12309.879190000016,
            "p(95)": 25513.036475
        },
        "vus_max": {
            "value": 20000,
            "min": 2538,
            "max": 20000
        },
        "http_req_failed": {
            "passes": 50,
            "fails": 19950,
            "value": 0.0025
        },
        "http_req_duration{expected_response:true}": {
            "med": 5538.4207,
            "max": 43574.6903,
            "p(90)": 12246.612200000007,
            "p(95)": 25498.79582,
            "avg": 6485.495266626587,
            "min": 0
        },
        "vus": {
            "value": 0,
            "min": 0,
            "max": 19409
        },
        "data_sent": {
            "count": 15519247,
            "rate": 195102.01662237948
        },
        "http_req_tls_handshaking": {
            "med": 9711.1099,
            "max": 43705.1796,
            "p(90)": 41312.12097,
            "p(95)": 42571.558215,
            "avg": 18081.08015519498,
            "min": 0
        },
        "http_req_blocked": {
            "p(90)": 48156.19868,
            "p(95)": 48820.426680000004,
            "avg": 23954.84195497504,
            "min": 0,
            "med": 15213.8806,
            "max": 50850.215
        },
        "http_req_connecting": {
            "avg": 5801.083000225054,
            "min": 234.4322,
            "med": 6446.2819,
            "max": 7569.2354,
            "p(90)": 7096.1318,
            "p(95)": 7108.0047
        },
        "iteration_duration": {
            "p(95)": 72296.734455,
            "avg": 37989.77854436505,
            "min": 3514.7278,
            "med": 32872.8766,
            "max": 79100.9564,
            "p(90)": 69145.28506
        },
        "checks": {
            "fails": 220000,
            "passes": 20000,
            "value": 0.08333333333333333
        }
    },
    "root_group": {
        "name": "",
        "path": "",
        "id": "d41d8cd98f00b204e9800998ecf8427e",
        "groups": {},
        "checks": {
                "200 OK": {
                    "name": "200 OK",
                    "path": "::200 OK",
                    "id": "e9654c443eff553da9e69eda7007924e",
                    "passes": 20000,
                    "fails": 0
                },
                "201 Created": {
                    "passes": 0,
                    "fails": 20000,
                    "name": "201 Created",
                    "path": "::201 Created",
                    "id": "728dcd977aae263ca314731145e1d447"
                },
                "204 No Content": {
                    "name": "204 No Content",
                    "path": "::204 No Content",
                    "id": "54fa3c2eda34e1622fda2da5e0479fc5",
                    "passes": 0,
                    "fails": 20000
                },
                "400 Bad Request": {
                    "name": "400 Bad Request",
                    "path": "::400 Bad Request",
                    "id": "eeae81934b9b58bccaf0184a6d070338",
                    "passes": 0,
                    "fails": 20000
                },
                "401 Unauthorized": {
                    "fails": 20000,
                    "name": "401 Unauthorized",
                    "path": "::401 Unauthorized",
                    "id": "6ae9254e6aefe7f0bafe5102fa7e20a5",
                    "passes": 0
                },
                "403 Forbidden": {
                    "passes": 0,
                    "fails": 20000,
                    "name": "403 Forbidden",
                    "path": "::403 Forbidden",
                    "id": "655548b761742c5a7ad15aa7df3a5d9c"
                },
                "404 Not Found": {
                    "name": "404 Not Found",
                    "path": "::404 Not Found",
                    "id": "df1528f9925ca236bac51008f77b774a",
                    "passes": 0,
                    "fails": 20000
                },
                "429 Too Many Requests": {
                    "name": "429 Too Many Requests",
                    "path": "::429 Too Many Requests",
                    "id": "b810c35b9499cc7342fd415032e3a6aa",
                    "passes": 0,
                    "fails": 20000
                },
                "500 Internal Server Error": {
                    "name": "500 Internal Server Error",
                    "path": "::500 Internal Server Error",
                    "id": "3cd96245b24e869810efe46d533b0eef",
                    "passes": 0,
                    "fails": 20000
                },
                "502 Bad Gateway": {
                    "name": "502 Bad Gateway",
                    "path": "::502 Bad Gateway",
                    "id": "712cb0ec189a11f31f0d6d0c0031b569",
                    "passes": 0,
                    "fails": 20000
                },
                "503 Service Unavailable": {
                    "name": "503 Service Unavailable",
                    "path": "::503 Service Unavailable",
                    "id": "f1ea1a22be0dc738c385523a66ea1cd9",
                    "passes": 0,
                    "fails": 20000
                },
                "504 Gateway Timeout": {
                    "id": "218efb729cb654723ccd57c6ebbebe29",
                    "passes": 0,
                    "fails": 20000,
                    "name": "504 Gateway Timeout",
                    "path": "::504 Gateway Timeout"
                }
            }
    }
}