{
    "metrics": {
        "checks": {
            "passes": 10000,
            "fails": 110000,
            "value": 0.08333333333333333
        },
        "http_reqs": {
            "count": 10000,
            "rate": 2667.430263036632
        },
        "http_req_receiving": {
            "min": 0,
            "med": 0.9992,
            "max": 744.1211,
            "p(90)": 2.0025,
            "p(95)": 4.999,
            "avg": 6.557424390000108
        },
        "data_sent": {
            "count": 7758633,
            "rate": 2069561.2463994692
        },
        "iteration_duration": {
            "avg": 1517.5585847100049,
            "min": 1000.036,
            "med": 1585.4848,
            "max": 3229.4628,
            "p(90)": 1891.5951,
            "p(95)": 2064.3870899999993
        },
        "http_req_blocked": {
            "p(95)": 1413.7749,
            "avg": 1015.2177846799992,
            "min": 486.5848,
            "med": 950.40535,
            "max": 2788.4591,
            "p(90)": 1372.9924
        },
        "vus": {
            "max": 6770,
            "value": 3720,
            "min": 0
        },
        "vus_max": {
            "max": 10000,
            "value": 10000,
            "min": 2601
        },
        "http_req_sending": {
            "med": 0,
            "max": 17.5663,
            "p(90)": 0.9981,
            "p(95)": 1.0005,
            "avg": 0.18625650000000005,
            "min": 0
        },
        "http_req_waiting": {
            "avg": 385.39489302999965,
            "min": 0,
            "med": 419.29975,
            "max": 734.8517,
            "p(90)": 684.9704,
            "p(95)": 696.3583
        },
        "http_req_connecting": {
            "p(95)": 952.7701,
            "avg": 583.3173865800032,
            "min": 277.0664,
            "med": 491.0754,
            "max": 1329.4452,
            "p(90)": 892.2707700000004
        },
        "http_req_tls_handshaking": {
            "avg": 431.5124424500026,
            "min": 7.9993,
            "med": 446.6657,
            "max": 1883.9023,
            "p(90)": 516.4677,
            "p(95)": 683.5107
        },
        "http_req_duration{expected_response:true}": {
            "min": 3.0789,
            "med": 428.2876,
            "max": 752.312,
            "p(90)": 686.9697,
            "p(95)": 700.3695399999998,
            "avg": 392.13857391999994
        },
        "data_received": {
            "count": 61970000,
            "rate": 16530065.340038007
        },
        "http_req_duration": {
            "med": 428.2876,
            "max": 752.312,
            "p(90)": 686.9697,
            "p(95)": 700.3695399999998,
            "avg": 392.13857391999994,
            "min": 3.0789
        },
        "iterations": {
            "rate": 2667.430263036632,
            "count": 10000
        },
        "http_req_failed": {
            "passes": 0,
            "fails": 10000,
            "value": 0
        }
    },
    "root_group": {
        "name": "",
        "path": "",
        "id": "d41d8cd98f00b204e9800998ecf8427e",
        "groups": {},
        "checks": {
                "200 OK": {
                    "name": "200 OK",
                    "path": "::200 OK",
                    "id": "e9654c443eff553da9e69eda7007924e",
                    "passes": 10000,
                    "fails": 0
                },
                "201 Created": {
                    "fails": 10000,
                    "name": "201 Created",
                    "path": "::201 Created",
                    "id": "728dcd977aae263ca314731145e1d447",
                    "passes": 0
                },
                "204 No Content": {
                    "path": "::204 No Content",
                    "id": "54fa3c2eda34e1622fda2da5e0479fc5",
                    "passes": 0,
                    "fails": 10000,
                    "name": "204 No Content"
                },
                "400 Bad Request": {
                    "id": "eeae81934b9b58bccaf0184a6d070338",
                    "passes": 0,
                    "fails": 10000,
                    "name": "400 Bad Request",
                    "path": "::400 Bad Request"
                },
                "401 Unauthorized": {
                    "passes": 0,
                    "fails": 10000,
                    "name": "401 Unauthorized",
                    "path": "::401 Unauthorized",
                    "id": "6ae9254e6aefe7f0bafe5102fa7e20a5"
                },
                "403 Forbidden": {
                    "name": "403 Forbidden",
                    "path": "::403 Forbidden",
                    "id": "655548b761742c5a7ad15aa7df3a5d9c",
                    "passes": 0,
                    "fails": 10000
                },
                "404 Not Found": {
                    "id": "df1528f9925ca236bac51008f77b774a",
                    "passes": 0,
                    "fails": 10000,
                    "name": "404 Not Found",
                    "path": "::404 Not Found"
                },
                "429 Too Many Requests": {
                    "name": "429 Too Many Requests",
                    "path": "::429 Too Many Requests",
                    "id": "b810c35b9499cc7342fd415032e3a6aa",
                    "passes": 0,
                    "fails": 10000
                },
                "500 Internal Server Error": {
                    "id": "3cd96245b24e869810efe46d533b0eef",
                    "passes": 0,
                    "fails": 10000,
                    "name": "500 Internal Server Error",
                    "path": "::500 Internal Server Error"
                },
                "502 Bad Gateway": {
                    "name": "502 Bad Gateway",
                    "path": "::502 Bad Gateway",
                    "id": "712cb0ec189a11f31f0d6d0c0031b569",
                    "passes": 0,
                    "fails": 10000
                },
                "503 Service Unavailable": {
                    "name": "503 Service Unavailable",
                    "path": "::503 Service Unavailable",
                    "id": "f1ea1a22be0dc738c385523a66ea1cd9",
                    "passes": 0,
                    "fails": 10000
                },
                "504 Gateway Timeout": {
                    "id": "218efb729cb654723ccd57c6ebbebe29",
                    "passes": 0,
                    "fails": 10000,
                    "name": "504 Gateway Timeout",
                    "path": "::504 Gateway Timeout"
                }
            }
    }
}