{
    "metrics": {
        "http_req_failed": {
            "fails": 10000,
            "passes": 0,
            "value": 0
        },
        "vus": {
            "max": 9882,
            "value": 9084,
            "min": 0
        },
        "http_req_waiting": {
            "p(95)": 831.9717799999993,
            "avg": 620.2901809099998,
            "min": 0,
            "med": 635.4617,
            "max": 1004.779,
            "p(90)": 803.2992
        },
        "vus_max": {
            "max": 10000,
            "value": 10000,
            "min": 2865
        },
        "iteration_duration": {
            "p(90)": 3721.89667,
            "p(95)": 3758.435914999999,
            "avg": 3132.7471718700176,
            "min": 1772.9558,
            "med": 3176.5244000000002,
            "max": 4007.1141
        },
        "http_req_tls_handshaking": {
            "avg": 938.2061052699905,
            "min": 3.998,
            "med": 792.1389999999999,
            "max": 2250.9651,
            "p(90)": 1635.91086,
            "p(95)": 2100.4721050000003
        },
        "data_sent": {
            "count": 7758447,
            "rate": 1736976.544040755
        },
        "http_reqs": {
            "count": 10000,
            "rate": 2238.819887589301
        },
        "http_req_sending": {
            "min": 0,
            "med": 0,
            "max": 77.645,
            "p(90)": 0.9994,
            "p(95)": 1.0009,
            "avg": 0.23219667999999968
        },
        "http_req_receiving": {
            "p(95)": 20.0001,
            "avg": 33.508125720000145,
            "min": 0,
            "med": 1.0014,
            "max": 1013.8732,
            "p(90)": 3.2105
        },
        "http_req_duration": {
            "p(90)": 808.2938,
            "p(95)": 837.9179,
            "avg": 654.0305033099984,
            "min": 8.0033,
            "med": 644.4614,
            "max": 1026.7978
        },
        "http_req_duration{expected_response:true}": {
            "avg": 654.0305033099984,
            "min": 8.0033,
            "med": 644.4614,
            "max": 1026.7978,
            "p(90)": 808.2938,
            "p(95)": 837.9179
        },
        "data_received": {
            "count": 61969913,
            "rate": 13873947.365657877
        },
        "http_req_connecting": {
            "p(95)": 2153.1041,
            "avg": 1521.8430365700117,
            "min": 159.1487,
            "med": 1576.8281,
            "max": 2266.9061,
            "p(90)": 2147.52541
        },
        "checks": {
            "passes": 10000,
            "fails": 110000,
            "value": 0.08333333333333333
        },
        "iterations": {
            "rate": 2238.819887589301,
            "count": 10000
        },
        "http_req_blocked": {
            "min": 1253.7952,
            "med": 2503.5443999999998,
            "max": 3107.6757,
            "p(90)": 2933.6646800000003,
            "p(95)": 2947.542125,
            "avg": 2461.184349679989
        }
    },
    "root_group": {
        "id": "d41d8cd98f00b204e9800998ecf8427e",
        "groups": {},
        "checks": {
                "200 OK": {
                    "name": "200 OK",
                    "path": "::200 OK",
                    "id": "e9654c443eff553da9e69eda7007924e",
                    "passes": 10000,
                    "fails": 0
                },
                "201 Created": {
                    "name": "201 Created",
                    "path": "::201 Created",
                    "id": "728dcd977aae263ca314731145e1d447",
                    "passes": 0,
                    "fails": 10000
                },
                "204 No Content": {
                    "passes": 0,
                    "fails": 10000,
                    "name": "204 No Content",
                    "path": "::204 No Content",
                    "id": "54fa3c2eda34e1622fda2da5e0479fc5"
                },
                "400 Bad Request": {
                    "path": "::400 Bad Request",
                    "id": "eeae81934b9b58bccaf0184a6d070338",
                    "passes": 0,
                    "fails": 10000,
                    "name": "400 Bad Request"
                },
                "401 Unauthorized": {
                    "path": "::401 Unauthorized",
                    "id": "6ae9254e6aefe7f0bafe5102fa7e20a5",
                    "passes": 0,
                    "fails": 10000,
                    "name": "401 Unauthorized"
                },
                "403 Forbidden": {
                    "fails": 10000,
                    "name": "403 Forbidden",
                    "path": "::403 Forbidden",
                    "id": "655548b761742c5a7ad15aa7df3a5d9c",
                    "passes": 0
                },
                "404 Not Found": {
                    "id": "df1528f9925ca236bac51008f77b774a",
                    "passes": 0,
                    "fails": 10000,
                    "name": "404 Not Found",
                    "path": "::404 Not Found"
                },
                "429 Too Many Requests": {
                    "name": "429 Too Many Requests",
                    "path": "::429 Too Many Requests",
                    "id": "b810c35b9499cc7342fd415032e3a6aa",
                    "passes": 0,
                    "fails": 10000
                },
                "500 Internal Server Error": {
                    "name": "500 Internal Server Error",
                    "path": "::500 Internal Server Error",
                    "id": "3cd96245b24e869810efe46d533b0eef",
                    "passes": 0,
                    "fails": 10000
                },
                "502 Bad Gateway": {
                    "passes": 0,
                    "fails": 10000,
                    "name": "502 Bad Gateway",
                    "path": "::502 Bad Gateway",
                    "id": "712cb0ec189a11f31f0d6d0c0031b569"
                },
                "503 Service Unavailable": {
                    "name": "503 Service Unavailable",
                    "path": "::503 Service Unavailable",
                    "id": "f1ea1a22be0dc738c385523a66ea1cd9",
                    "passes": 0,
                    "fails": 10000
                },
                "504 Gateway Timeout": {
                    "passes": 0,
                    "fails": 10000,
                    "name": "504 Gateway Timeout",
                    "path": "::504 Gateway Timeout",
                    "id": "218efb729cb654723ccd57c6ebbebe29"
                }
            },
        "name": "",
        "path": ""
    }
}