{
    "metrics": {
        "http_req_tls_handshaking": {
            "p(95)": 2408.9114,
            "avg": 1827.4708628066537,
            "min": 3.9979,
            "med": 1825.9926,
            "max": 5864.9954,
            "p(90)": 2362.71026
        },
        "vus_max": {
            "value": 15000,
            "min": 2777,
            "max": 15000
        },
        "http_req_receiving": {
            "min": 0,
            "med": 2.00275,
            "max": 3677.6807,
            "p(90)": 17.997709999999998,
            "p(95)": 2719.3402149999974,
            "avg": 189.63102204666515
        },
        "iterations": {
            "count": 15000,
            "rate": 1665.4897205974444
        },
        "http_req_blocked": {
            "p(90)": 3615.45436,
            "p(95)": 3621.4604,
            "avg": 3265.072729800005,
            "min": 312.1181,
            "med": 3387.9318,
            "max": 7592.9154
        },
        "http_reqs": {
            "count": 15000,
            "rate": 1665.4897205974444
        },
        "http_req_connecting": {
            "avg": 1436.619387706685,
            "min": 91.0001,
            "med": 1493.9418,
            "max": 1834.7975,
            "p(90)": 1772.2327,
            "p(95)": 1801.2323
        },
        "http_req_failed": {
            "passes": 0,
            "fails": 15000,
            "value": 0
        },
        "checks": {
            "passes": 15000,
            "fails": 165000,
            "value": 0.08333333333333333
        },
        "http_req_duration": {
            "avg": 2983.3631087333447,
            "min": 5.0591,
            "med": 3304.4163,
            "max": 3689.6804,
            "p(90)": 3571.33172,
            "p(95)": 3607.7225
        },
        "http_req_waiting": {
            "med": 3272.3552499999996,
            "max": 3638.6765,
            "p(90)": 3565.48942,
            "p(95)": 3599.7847,
            "avg": 2793.4322014267013,
            "min": 0
        },
        "http_req_sending": {
            "min": 0,
            "med": 0,
            "max": 32.0017,
            "p(90)": 1.0002,
            "p(95)": 1.0013,
            "avg": 0.29988525999999877
        },
        "vus": {
            "value": 3211,
            "min": 0,
            "max": 14985
        },
        "http_req_duration{expected_response:true}": {
            "avg": 2983.3631087333447,
            "min": 5.0591,
            "med": 3304.4163,
            "max": 3689.6804,
            "p(90)": 3571.33172,
            "p(95)": 3607.7225
        },
        "data_received": {
            "count": 92954822,
            "rate": 10321020.034731012
        },
        "iteration_duration": {
            "avg": 6261.786701599945,
            "min": 1000.6861,
            "med": 6749.0176,
            "max": 8382.4631,
            "p(90)": 7098.93727,
            "p(95)": 7118.48977
        },
        "data_sent": {
            "count": 11635161,
            "rate": 1291882.736199752
        }
    },
    "root_group": {
        "name": "",
        "path": "",
        "id": "d41d8cd98f00b204e9800998ecf8427e",
        "groups": {},
        "checks": {
                "200 OK": {
                    "name": "200 OK",
                    "path": "::200 OK",
                    "id": "e9654c443eff553da9e69eda7007924e",
                    "passes": 15000,
                    "fails": 0
                },
                "201 Created": {
                    "id": "728dcd977aae263ca314731145e1d447",
                    "passes": 0,
                    "fails": 15000,
                    "name": "201 Created",
                    "path": "::201 Created"
                },
                "204 No Content": {
                    "passes": 0,
                    "fails": 15000,
                    "name": "204 No Content",
                    "path": "::204 No Content",
                    "id": "54fa3c2eda34e1622fda2da5e0479fc5"
                },
                "400 Bad Request": {
                    "id": "eeae81934b9b58bccaf0184a6d070338",
                    "passes": 0,
                    "fails": 15000,
                    "name": "400 Bad Request",
                    "path": "::400 Bad Request"
                },
                "401 Unauthorized": {
                    "fails": 15000,
                    "name": "401 Unauthorized",
                    "path": "::401 Unauthorized",
                    "id": "6ae9254e6aefe7f0bafe5102fa7e20a5",
                    "passes": 0
                },
                "403 Forbidden": {
                    "id": "655548b761742c5a7ad15aa7df3a5d9c",
                    "passes": 0,
                    "fails": 15000,
                    "name": "403 Forbidden",
                    "path": "::403 Forbidden"
                },
                "404 Not Found": {
                    "name": "404 Not Found",
                    "path": "::404 Not Found",
                    "id": "df1528f9925ca236bac51008f77b774a",
                    "passes": 0,
                    "fails": 15000
                },
                "429 Too Many Requests": {
                    "id": "b810c35b9499cc7342fd415032e3a6aa",
                    "passes": 0,
                    "fails": 15000,
                    "name": "429 Too Many Requests",
                    "path": "::429 Too Many Requests"
                },
                "500 Internal Server Error": {
                    "fails": 15000,
                    "name": "500 Internal Server Error",
                    "path": "::500 Internal Server Error",
                    "id": "3cd96245b24e869810efe46d533b0eef",
                    "passes": 0
                },
                "502 Bad Gateway": {
                    "path": "::502 Bad Gateway",
                    "id": "712cb0ec189a11f31f0d6d0c0031b569",
                    "passes": 0,
                    "fails": 15000,
                    "name": "502 Bad Gateway"
                },
                "503 Service Unavailable": {
                    "fails": 15000,
                    "name": "503 Service Unavailable",
                    "path": "::503 Service Unavailable",
                    "id": "f1ea1a22be0dc738c385523a66ea1cd9",
                    "passes": 0
                },
                "504 Gateway Timeout": {
                    "passes": 0,
                    "fails": 15000,
                    "name": "504 Gateway Timeout",
                    "path": "::504 Gateway Timeout",
                    "id": "218efb729cb654723ccd57c6ebbebe29"
                }
            }
    }
}