{
    "metrics": {
        "iterations": {
            "count": 1,
            "rate": 0.9922253192881856
        },
        "http_reqs": {
            "count": 1,
            "rate": 0.9922253192881856
        },
        "vus": {
            "value": 1,
            "min": 1,
            "max": 1
        },
        "http_req_blocked": {
            "p(90)": 10.3843,
            "p(95)": 10.3843,
            "avg": 10.3843,
            "min": 10.3843,
            "med": 10.3843,
            "max": 10.3843
        },
        "http_req_receiving": {
            "max": 0.2427,
            "p(90)": 0.2427,
            "p(95)": 0.2427,
            "avg": 0.2427,
            "min": 0.2427,
            "med": 0.2427
        },
        "data_sent": {
            "count": 1052851,
            "rate": 1044665.4196378854
        },
        "vus_max": {
            "value": 1,
            "min": 1,
            "max": 1
        },
        "data_received": {
            "count": 8939,
            "rate": 8869.50212911709
        },
        "http_req_sending": {
            "avg": 51.6978,
            "min": 51.6978,
            "med": 51.6978,
            "max": 51.6978,
            "p(90)": 51.6978,
            "p(95)": 51.6978
        },
        "checks": {
            "passes": 1,
            "fails": 11,
            "value": 0.08333333333333333
        },
        "http_req_waiting": {
            "min": 58.6981,
            "med": 58.6981,
            "max": 58.6981,
            "p(90)": 58.6981,
            "p(95)": 58.6981,
            "avg": 58.6981
        },
        "http_req_duration": {
            "med": 110.6386,
            "max": 110.6386,
            "p(90)": 110.6386,
            "p(95)": 110.6386,
            "avg": 110.6386,
            "min": 110.6386
        },
        "http_req_connecting": {
            "avg": 4.6842,
            "min": 4.6842,
            "med": 4.6842,
            "max": 4.6842,
            "p(90)": 4.6842,
            "p(95)": 4.6842
        },
        "http_req_tls_handshaking": {
            "avg": 4.6682,
            "min": 4.6682,
            "med": 4.6682,
            "max": 4.6682,
            "p(90)": 4.6682,
            "p(95)": 4.6682
        },
        "http_req_duration{expected_response:true}": {
            "p(95)": 110.6386,
            "avg": 110.6386,
            "min": 110.6386,
            "med": 110.6386,
            "max": 110.6386,
            "p(90)": 110.6386
        },
        "http_req_failed": {
            "passes": 0,
            "fails": 1,
            "value": 0
        },
        "iteration_duration": {
            "avg": 1007.8179,
            "min": 1007.8179,
            "med": 1007.8179,
            "max": 1007.8179,
            "p(90)": 1007.8179,
            "p(95)": 1007.8179
        }
    },
    "root_group": {
        "checks": {
            "200 OK": {
                "fails": 0,
                "name": "200 OK",
                "path": "::200 OK",
                "id": "e9654c443eff553da9e69eda7007924e",
                "passes": 1
            },
            "201 Created": {
                "path": "::201 Created",
                "id": "728dcd977aae263ca314731145e1d447",
                "passes": 0,
                "fails": 1,
                "name": "201 Created"
            },
            "204 No Content": {
                "passes": 0,
                "fails": 1,
                "name": "204 No Content",
                "path": "::204 No Content",
                "id": "54fa3c2eda34e1622fda2da5e0479fc5"
            },
            "400 Bad Request": {
                "passes": 0,
                "fails": 1,
                "name": "400 Bad Request",
                "path": "::400 Bad Request",
                "id": "eeae81934b9b58bccaf0184a6d070338"
            },
            "401 Unauthorized": {
                "name": "401 Unauthorized",
                "path": "::401 Unauthorized",
                "id": "6ae9254e6aefe7f0bafe5102fa7e20a5",
                "passes": 0,
                "fails": 1
            },
            "403 Forbidden": {
                "name": "403 Forbidden",
                "path": "::403 Forbidden",
                "id": "655548b761742c5a7ad15aa7df3a5d9c",
                "passes": 0,
                "fails": 1
            },
            "404 Not Found": {
                "path": "::404 Not Found",
                "id": "df1528f9925ca236bac51008f77b774a",
                "passes": 0,
                "fails": 1,
                "name": "404 Not Found"
            },
            "429 Too Many Requests": {
                "name": "429 Too Many Requests",
                "path": "::429 Too Many Requests",
                "id": "b810c35b9499cc7342fd415032e3a6aa",
                "passes": 0,
                "fails": 1
            },
            "500 Internal Server Error": {
                "name": "500 Internal Server Error",
                "path": "::500 Internal Server Error",
                "id": "3cd96245b24e869810efe46d533b0eef",
                "passes": 0,
                "fails": 1
            },
            "502 Bad Gateway": {
                "name": "502 Bad Gateway",
                "path": "::502 Bad Gateway",
                "id": "712cb0ec189a11f31f0d6d0c0031b569",
                "passes": 0,
                "fails": 1
            },
            "503 Service Unavailable": {
                "passes": 0,
                "fails": 1,
                "name": "503 Service Unavailable",
                "path": "::503 Service Unavailable",
                "id": "f1ea1a22be0dc738c385523a66ea1cd9"
            },
            "504 Gateway Timeout": {
                "name": "504 Gateway Timeout",
                "path": "::504 Gateway Timeout",
                "id": "218efb729cb654723ccd57c6ebbebe29",
                "passes": 0,
                "fails": 1
            }
        },
        "name": "",
        "path": "",
        "id": "d41d8cd98f00b204e9800998ecf8427e",
        "groups": {}
    }
}