{
    "metrics": {
        "data_received": {
            "count": 39160000,
            "rate": 3149336.283007915
        },
        "iterations": {
            "count": 10000,
            "rate": 804.2227484698456
        },
        "http_req_duration{expected_response:true}": {
            "avg": 7373.439342369972,
            "min": 5258.5722,
            "med": 7355.2221,
            "max": 8882.4568,
            "p(90)": 8456.9297,
            "p(95)": 8622.988095
        },
        "http_req_duration": {
            "max": 8882.4568,
            "p(90)": 8456.9297,
            "p(95)": 8622.988095,
            "avg": 7373.439342369972,
            "min": 5258.5722,
            "med": 7355.2221
        },
        "http_req_waiting": {
            "med": 7354.3594,
            "max": 8882.4568,
            "p(90)": 8454.965409999999,
            "p(95)": 8621.86434,
            "avg": 7372.0966492899925,
            "min": 5258.5428
        },
        "http_reqs": {
            "count": 10000,
            "rate": 804.2227484698456
        },
        "vus_max": {
            "value": 10000,
            "min": 1443,
            "max": 10000
        },
        "http_req_receiving": {
            "min": 0,
            "med": 0,
            "max": 15.4541,
            "p(90)": 0.0265,
            "p(95)": 0.5134,
            "avg": 0.04855671000000003
        },
        "iteration_duration": {
            "avg": 9959.590738470011,
            "min": 7588.0616,
            "med": 9879.908599999999,
            "max": 12222.2218,
            "p(90)": 11477.324050000001,
            "p(95)": 11760.262509999999
        },
        "checks": {
            "passes": 10000,
            "fails": 110000,
            "value": 0.08333333333333333
        },
        "http_req_failed": {
            "passes": 0,
            "fails": 10000,
            "value": 0
        },
        "data_sent": {
            "count": 8658894,
            "rate": 696367.9531389055
        },
        "vus": {
            "value": 162,
            "min": 0,
            "max": 10000
        },
        "http_req_tls_handshaking": {
            "avg": 1833.5025127000026,
            "min": 396.2909,
            "med": 1817.3721,
            "max": 3466.5755,
            "p(90)": 2499.01163,
            "p(95)": 2640.331535
        },
        "http_req_connecting": {
            "avg": 728.4212742899962,
            "min": 1.9998,
            "med": 610.7557,
            "max": 1821.5429,
            "p(90)": 1292.3351700000003,
            "p(95)": 1356.503375
        },
        "http_req_blocked": {
            "max": 4811.9696,
            "p(90)": 3028.90652,
            "p(95)": 3205.185174999999,
            "avg": 2563.651184010009,
            "min": 1342.4167,
            "med": 2732.78285
        },
        "http_req_sending": {
            "p(90)": 2.9993,
            "p(95)": 4.0009,
            "avg": 1.2941363699999997,
            "min": 0,
            "med": 0,
            "max": 299.1524
        }
    },
    "root_group": {
        "groups": {},
        "checks": {
                "200 OK": {
                    "name": "200 OK",
                    "path": "::200 OK",
                    "id": "e9654c443eff553da9e69eda7007924e",
                    "passes": 10000,
                    "fails": 0
                },
                "201 Created": {
                    "name": "201 Created",
                    "path": "::201 Created",
                    "id": "728dcd977aae263ca314731145e1d447",
                    "passes": 0,
                    "fails": 10000
                },
                "204 No Content": {
                    "name": "204 No Content",
                    "path": "::204 No Content",
                    "id": "54fa3c2eda34e1622fda2da5e0479fc5",
                    "passes": 0,
                    "fails": 10000
                },
                "400 Bad Request": {
                    "id": "eeae81934b9b58bccaf0184a6d070338",
                    "passes": 0,
                    "fails": 10000,
                    "name": "400 Bad Request",
                    "path": "::400 Bad Request"
                },
                "401 Unauthorized": {
                    "name": "401 Unauthorized",
                    "path": "::401 Unauthorized",
                    "id": "6ae9254e6aefe7f0bafe5102fa7e20a5",
                    "passes": 0,
                    "fails": 10000
                },
                "403 Forbidden": {
                    "path": "::403 Forbidden",
                    "id": "655548b761742c5a7ad15aa7df3a5d9c",
                    "passes": 0,
                    "fails": 10000,
                    "name": "403 Forbidden"
                },
                "404 Not Found": {
                    "id": "df1528f9925ca236bac51008f77b774a",
                    "passes": 0,
                    "fails": 10000,
                    "name": "404 Not Found",
                    "path": "::404 Not Found"
                },
                "429 Too Many Requests": {
                    "id": "b810c35b9499cc7342fd415032e3a6aa",
                    "passes": 0,
                    "fails": 10000,
                    "name": "429 Too Many Requests",
                    "path": "::429 Too Many Requests"
                },
                "500 Internal Server Error": {
                    "fails": 10000,
                    "name": "500 Internal Server Error",
                    "path": "::500 Internal Server Error",
                    "id": "3cd96245b24e869810efe46d533b0eef",
                    "passes": 0
                },
                "502 Bad Gateway": {
                    "name": "502 Bad Gateway",
                    "path": "::502 Bad Gateway",
                    "id": "712cb0ec189a11f31f0d6d0c0031b569",
                    "passes": 0,
                    "fails": 10000
                },
                "503 Service Unavailable": {
                    "name": "503 Service Unavailable",
                    "path": "::503 Service Unavailable",
                    "id": "f1ea1a22be0dc738c385523a66ea1cd9",
                    "passes": 0,
                    "fails": 10000
                },
                "504 Gateway Timeout": {
                    "fails": 10000,
                    "name": "504 Gateway Timeout",
                    "path": "::504 Gateway Timeout",
                    "id": "218efb729cb654723ccd57c6ebbebe29",
                    "passes": 0
                }
            },
        "name": "",
        "path": "",
        "id": "d41d8cd98f00b204e9800998ecf8427e"
    }
}