{
    "metrics": {
        "http_req_connecting": {
            "avg": 205.6656571000002,
            "min": 130.7361,
            "med": 215.7387,
            "max": 241.504,
            "p(90)": 232.5736,
            "p(95)": 234.547575
        },
        "iterations": {
            "count": 1000,
            "rate": 481.29896043756236
        },
        "http_reqs": {
            "count": 1000,
            "rate": 481.29896043756236
        },
        "checks": {
            "passes": 1000,
            "fails": 11000,
            "value": 0.08333333333333333
        },
        "http_req_sending": {
            "max": 30.002,
            "p(90)": 5.0014,
            "p(95)": 10.0238,
            "avg": 2.653862600000002,
            "min": 0,
            "med": 1.997
        },
        "vus": {
            "value": 708,
            "min": 708,
            "max": 1000
        },
        "http_req_tls_handshaking": {
            "med": 132.2694,
            "max": 249.2604,
            "p(90)": 162.1041,
            "p(95)": 166.895605,
            "avg": 133.26563240000033,
            "min": 49.0019
        },
        "http_req_waiting": {
            "p(90)": 1432.9064899999998,
            "p(95)": 1474.371955,
            "avg": 864.5404166000002,
            "min": 121.3991,
            "med": 773.1372,
            "max": 1575.8917
        },
        "vus_max": {
            "value": 1000,
            "min": 1000,
            "max": 1000
        },
        "http_req_duration": {
            "p(95)": 1476.6135749999999,
            "avg": 867.2850206000003,
            "min": 122.9407,
            "med": 776.5165999999999,
            "max": 1576.8964,
            "p(90)": 1433.10631
        },
        "http_req_receiving": {
            "max": 4.6897,
            "p(90)": 0.50922,
            "p(95)": 0.5772849999999999,
            "avg": 0.09074140000000004,
            "min": 0,
            "med": 0
        },
        "http_req_failed": {
            "passes": 0,
            "fails": 1000,
            "value": 0
        },
        "data_sent": {
            "count": 848893,
            "rate": 408571.3184227236
        },
        "iteration_duration": {
            "avg": 1466.9544756,
            "min": 1002.4452,
            "med": 1473.46445,
            "max": 2033.0794,
            "p(90)": 1833.35986,
            "p(95)": 1922.2375749999999
        },
        "http_req_duration{expected_response:true}": {
            "med": 776.5165999999999,
            "max": 1576.8964,
            "p(90)": 1433.10631,
            "p(95)": 1476.6135749999999,
            "avg": 867.2850206000003,
            "min": 122.9407
        },
        "http_req_blocked": {
            "min": 201.2486,
            "med": 358.28875,
            "max": 405.2857,
            "p(90)": 384.2914,
            "p(95)": 387.79447999999996,
            "avg": 339.3646669999999
        },
        "data_received": {
            "count": 3999000,
            "rate": 1924714.542789812
        }
    },
    "root_group": {
        "checks": {
            "200 OK": {
                "name": "200 OK",
                "path": "::200 OK",
                "id": "e9654c443eff553da9e69eda7007924e",
                "passes": 1000,
                "fails": 0
            },
            "201 Created": {
                "id": "728dcd977aae263ca314731145e1d447",
                "passes": 0,
                "fails": 1000,
                "name": "201 Created",
                "path": "::201 Created"
            },
            "204 No Content": {
                "id": "54fa3c2eda34e1622fda2da5e0479fc5",
                "passes": 0,
                "fails": 1000,
                "name": "204 No Content",
                "path": "::204 No Content"
            },
            "400 Bad Request": {
                "path": "::400 Bad Request",
                "id": "eeae81934b9b58bccaf0184a6d070338",
                "passes": 0,
                "fails": 1000,
                "name": "400 Bad Request"
            },
            "401 Unauthorized": {
                "fails": 1000,
                "name": "401 Unauthorized",
                "path": "::401 Unauthorized",
                "id": "6ae9254e6aefe7f0bafe5102fa7e20a5",
                "passes": 0
            },
            "403 Forbidden": {
                "name": "403 Forbidden",
                "path": "::403 Forbidden",
                "id": "655548b761742c5a7ad15aa7df3a5d9c",
                "passes": 0,
                "fails": 1000
            },
            "404 Not Found": {
                "passes": 0,
                "fails": 1000,
                "name": "404 Not Found",
                "path": "::404 Not Found",
                "id": "df1528f9925ca236bac51008f77b774a"
            },
            "429 Too Many Requests": {
                "name": "429 Too Many Requests",
                "path": "::429 Too Many Requests",
                "id": "b810c35b9499cc7342fd415032e3a6aa",
                "passes": 0,
                "fails": 1000
            },
            "500 Internal Server Error": {
                "fails": 1000,
                "name": "500 Internal Server Error",
                "path": "::500 Internal Server Error",
                "id": "3cd96245b24e869810efe46d533b0eef",
                "passes": 0
            },
            "502 Bad Gateway": {
                "name": "502 Bad Gateway",
                "path": "::502 Bad Gateway",
                "id": "712cb0ec189a11f31f0d6d0c0031b569",
                "passes": 0,
                "fails": 1000
            },
            "503 Service Unavailable": {
                "fails": 1000,
                "name": "503 Service Unavailable",
                "path": "::503 Service Unavailable",
                "id": "f1ea1a22be0dc738c385523a66ea1cd9",
                "passes": 0
            },
            "504 Gateway Timeout": {
                "path": "::504 Gateway Timeout",
                "id": "218efb729cb654723ccd57c6ebbebe29",
                "passes": 0,
                "fails": 1000,
                "name": "504 Gateway Timeout"
            }
        },
        "name": "",
        "path": "",
        "id": "d41d8cd98f00b204e9800998ecf8427e",
        "groups": {}
    }
}