{
    "metrics": {
        "http_req_blocked": {
            "avg": 3066.3007340899976,
            "min": 1911.0983,
            "med": 2986.92475,
            "max": 4853.3292,
            "p(90)": 4040.55216,
            "p(95)": 4273.038745
        },
        "http_req_failed": {
            "passes": 2311,
            "fails": 7689,
            "value": 0.2311
        },
        "http_reqs": {
            "count": 10000,
            "rate": 435.4881430361851
        },
        "http_req_tls_handshaking": {
            "min": 1494.6098,
            "med": 2459.4413,
            "max": 4345.0293,
            "p(90)": 3456.77774,
            "p(95)": 3841.258635,
            "avg": 2564.86818467
        },
        "http_req_connecting": {
            "max": 902.2631,
            "p(90)": 805.5113000000001,
            "p(95)": 846.5094349999999,
            "avg": 500.7944193600025,
            "min": 2.0006,
            "med": 481.005
        },
        "vus": {
            "value": 1,
            "min": 0,
            "max": 10000
        },
        "iterations": {
            "count": 10000,
            "rate": 435.4881430361851
        },
        "http_req_duration{expected_response:true}": {
            "p(90)": 15158.03616,
            "p(95)": 15664.226419999999,
            "avg": 11847.788447808514,
            "min": 4709.3421,
            "med": 12821.8077,
            "max": 20277.9364
        },
        "vus_max": {
            "value": 10000,
            "min": 1446,
            "max": 10000
        },
        "http_req_sending": {
            "avg": 0.4084176200000004,
            "min": 0,
            "med": 0,
            "max": 21.4012,
            "p(90)": 1.0024,
            "p(95)": 2.0657
        },
        "http_req_receiving": {
            "p(95)": 4.0711,
            "avg": 0.984398869999999,
            "min": 0,
            "med": 0,
            "max": 33.2921,
            "p(90)": 2.243570000000002
        },
        "http_req_duration": {
            "avg": 9998.583683949973,
            "min": 3010.8933,
            "med": 11596.05745,
            "max": 20277.9364,
            "p(90)": 14943.639330000002,
            "p(95)": 15472.749525
        },
        "http_req_waiting": {
            "max": 20277.9364,
            "p(90)": 14943.23163,
            "p(95)": 15472.183894999998,
            "avg": 9997.190867459984,
            "min": 3010.8933,
            "med": 11595.2788
        },
        "checks": {
            "passes": 10000,
            "fails": 110000,
            "value": 0.08333333333333333
        },
        "data_sent": {
            "count": 8554358,
            "rate": 372532.1480286734
        },
        "iteration_duration": {
            "min": 7551.049,
            "med": 14376.70265,
            "max": 22935.0719,
            "p(90)": 17589.38216,
            "p(95)": 18160.606985000002,
            "avg": 13323.459076530027
        },
        "data_received": {
            "count": 39210081,
            "rate": 1707552.5362988403
        }
    },
    "root_group": {
        "name": "",
        "path": "",
        "id": "d41d8cd98f00b204e9800998ecf8427e",
        "groups": {},
        "checks": {
                "200 OK": {
                    "path": "::200 OK",
                    "id": "e9654c443eff553da9e69eda7007924e",
                    "passes": 10000,
                    "fails": 0,
                    "name": "200 OK"
                },
                "201 Created": {
                    "passes": 0,
                    "fails": 10000,
                    "name": "201 Created",
                    "path": "::201 Created",
                    "id": "728dcd977aae263ca314731145e1d447"
                },
                "204 No Content": {
                    "name": "204 No Content",
                    "path": "::204 No Content",
                    "id": "54fa3c2eda34e1622fda2da5e0479fc5",
                    "passes": 0,
                    "fails": 10000
                },
                "400 Bad Request": {
                    "name": "400 Bad Request",
                    "path": "::400 Bad Request",
                    "id": "eeae81934b9b58bccaf0184a6d070338",
                    "passes": 0,
                    "fails": 10000
                },
                "401 Unauthorized": {
                    "id": "6ae9254e6aefe7f0bafe5102fa7e20a5",
                    "passes": 0,
                    "fails": 10000,
                    "name": "401 Unauthorized",
                    "path": "::401 Unauthorized"
                },
                "403 Forbidden": {
                    "name": "403 Forbidden",
                    "path": "::403 Forbidden",
                    "id": "655548b761742c5a7ad15aa7df3a5d9c",
                    "passes": 0,
                    "fails": 10000
                },
                "404 Not Found": {
                    "name": "404 Not Found",
                    "path": "::404 Not Found",
                    "id": "df1528f9925ca236bac51008f77b774a",
                    "passes": 0,
                    "fails": 10000
                },
                "429 Too Many Requests": {
                    "fails": 10000,
                    "name": "429 Too Many Requests",
                    "path": "::429 Too Many Requests",
                    "id": "b810c35b9499cc7342fd415032e3a6aa",
                    "passes": 0
                },
                "500 Internal Server Error": {
                    "name": "500 Internal Server Error",
                    "path": "::500 Internal Server Error",
                    "id": "3cd96245b24e869810efe46d533b0eef",
                    "passes": 0,
                    "fails": 10000
                },
                "502 Bad Gateway": {
                    "name": "502 Bad Gateway",
                    "path": "::502 Bad Gateway",
                    "id": "712cb0ec189a11f31f0d6d0c0031b569",
                    "passes": 0,
                    "fails": 10000
                },
                "503 Service Unavailable": {
                    "path": "::503 Service Unavailable",
                    "id": "f1ea1a22be0dc738c385523a66ea1cd9",
                    "passes": 0,
                    "fails": 10000,
                    "name": "503 Service Unavailable"
                },
                "504 Gateway Timeout": {
                    "id": "218efb729cb654723ccd57c6ebbebe29",
                    "passes": 0,
                    "fails": 10000,
                    "name": "504 Gateway Timeout",
                    "path": "::504 Gateway Timeout"
                }
            }
    }
}