{
    "metrics": {
        "http_req_waiting": {
            "avg": 5372.909634774988,
            "min": 688.6778,
            "med": 5688.5478,
            "max": 19362.5189,
            "p(90)": 5992.95939,
            "p(95)": 6333.824904999999
        },
        "data_sent": {
            "count": 3296000,
            "rate": 88338.13492371136
        },
        "iteration_duration": {
            "max": 36720.3484,
            "p(90)": 18663.63563,
            "p(95)": 18899.81551,
            "avg": 14542.003225374941,
            "min": 1001.8484,
            "med": 16203.5958
        },
        "iterations": {
            "count": 4000,
            "rate": 107.2064744219798
        },
        "vus": {
            "max": 4000,
            "value": 1,
            "min": 0
        },
        "http_req_connecting": {
            "p(95)": 714.029545,
            "avg": 528.4505120500021,
            "min": 4.9996,
            "med": 512.1363,
            "max": 747.0851,
            "p(90)": 688.67848
        },
        "data_received": {
            "count": 4014358424,
            "rate": 107591303.4258038
        },
        "vus_max": {
            "value": 4000,
            "min": 1736,
            "max": 4000
        },
        "http_req_failed": {
            "passes": 0,
            "fails": 4000,
            "value": 0
        },
        "http_req_sending": {
            "max": 36.8329,
            "p(90)": 5.9991,
            "p(95)": 9.998905,
            "avg": 3.048513975000002,
            "min": 0,
            "med": 2.0023
        },
        "http_req_duration": {
            "p(95)": 17757.029264999997,
            "avg": 13417.448580350005,
            "min": 694.6784,
            "med": 15034.5347,
            "max": 35602.2246,
            "p(90)": 17540.330589999998
        },
        "http_req_tls_handshaking": {
            "p(95)": 682.2595249999999,
            "avg": 588.8133807749987,
            "min": 173.7462,
            "med": 606.4802,
            "max": 700.674,
            "p(90)": 669.7919400000001
        },
        "http_reqs": {
            "count": 4000,
            "rate": 107.2064744219798
        },
        "http_req_blocked": {
            "avg": 1117.6190889499946,
            "min": 181.1772,
            "med": 1148.53395,
            "max": 1244.5705,
            "p(90)": 1187.84198,
            "p(95)": 1196.965
        },
        "http_req_duration{expected_response:true}": {
            "avg": 13417.448580350005,
            "min": 694.6784,
            "med": 15034.5347,
            "max": 35602.2246,
            "p(90)": 17540.330589999998,
            "p(95)": 17757.029264999997
        },
        "http_req_receiving": {
            "min": 3.0018,
            "med": 9283.7468,
            "max": 29773.1968,
            "p(90)": 11687.276689999999,
            "p(95)": 11979.249624999997,
            "avg": 8041.490431599997
        },
        "checks": {
            "passes": 4000,
            "fails": 44000,
            "value": 0.08333333333333333
        }
    },
    "root_group": {
        "checks": {
            "200 OK": {
                "name": "200 OK",
                "path": "::200 OK",
                "id": "e9654c443eff553da9e69eda7007924e",
                "passes": 4000,
                "fails": 0
            },
            "201 Created": {
                "passes": 0,
                "fails": 4000,
                "name": "201 Created",
                "path": "::201 Created",
                "id": "728dcd977aae263ca314731145e1d447"
            },
            "204 No Content": {
                "name": "204 No Content",
                "path": "::204 No Content",
                "id": "54fa3c2eda34e1622fda2da5e0479fc5",
                "passes": 0,
                "fails": 4000
            },
            "400 Bad Request": {
                "name": "400 Bad Request",
                "path": "::400 Bad Request",
                "id": "eeae81934b9b58bccaf0184a6d070338",
                "passes": 0,
                "fails": 4000
            },
            "401 Unauthorized": {
                "id": "6ae9254e6aefe7f0bafe5102fa7e20a5",
                "passes": 0,
                "fails": 4000,
                "name": "401 Unauthorized",
                "path": "::401 Unauthorized"
            },
            "403 Forbidden": {
                "path": "::403 Forbidden",
                "id": "655548b761742c5a7ad15aa7df3a5d9c",
                "passes": 0,
                "fails": 4000,
                "name": "403 Forbidden"
            },
            "404 Not Found": {
                "name": "404 Not Found",
                "path": "::404 Not Found",
                "id": "df1528f9925ca236bac51008f77b774a",
                "passes": 0,
                "fails": 4000
            },
            "429 Too Many Requests": {
                "id": "b810c35b9499cc7342fd415032e3a6aa",
                "passes": 0,
                "fails": 4000,
                "name": "429 Too Many Requests",
                "path": "::429 Too Many Requests"
            },
            "500 Internal Server Error": {
                "fails": 4000,
                "name": "500 Internal Server Error",
                "path": "::500 Internal Server Error",
                "id": "3cd96245b24e869810efe46d533b0eef",
                "passes": 0
            },
            "502 Bad Gateway": {
                "fails": 4000,
                "name": "502 Bad Gateway",
                "path": "::502 Bad Gateway",
                "id": "712cb0ec189a11f31f0d6d0c0031b569",
                "passes": 0
            },
            "503 Service Unavailable": {
                "path": "::503 Service Unavailable",
                "id": "f1ea1a22be0dc738c385523a66ea1cd9",
                "passes": 0,
                "fails": 4000,
                "name": "503 Service Unavailable"
            },
            "504 Gateway Timeout": {
                "name": "504 Gateway Timeout",
                "path": "::504 Gateway Timeout",
                "id": "218efb729cb654723ccd57c6ebbebe29",
                "passes": 0,
                "fails": 4000
            }
        },
        "name": "",
        "path": "",
        "id": "d41d8cd98f00b204e9800998ecf8427e",
        "groups": {}
    }
}