{
    "metrics": {
        "http_req_tls_handshaking": {
            "min": 361.3746,
            "med": 768.78385,
            "max": 1450.2516,
            "p(90)": 976.4215,
            "p(95)": 999.2364,
            "avg": 730.7918974400009
        },
        "vus_max": {
            "value": 5000,
            "min": 1694,
            "max": 5000
        },
        "checks": {
            "passes": 5000,
            "fails": 55000,
            "value": 0.08333333333333333
        },
        "vus": {
            "value": 65,
            "min": 0,
            "max": 5000
        },
        "http_reqs": {
            "count": 5000,
            "rate": 75.49220624049197
        },
        "iteration_duration": {
            "p(95)": 65243.86798,
            "avg": 59034.182713440016,
            "min": 1323.3051,
            "med": 64356.780849999996,
            "max": 65715.7887,
            "p(90)": 65102.796760000005
        },
        "http_req_connecting": {
            "max": 822.6285,
            "p(90)": 783.36403,
            "p(95)": 801.943925,
            "avg": 561.5884711799963,
            "min": 117.2023,
            "med": 557.0453
        },
        "http_req_blocked": {
            "med": 1324.0584,
            "max": 2281.4324,
            "p(90)": 1385.83072,
            "p(95)": 1398.943765,
            "avg": 1292.957640879995,
            "min": 922.937
        },
        "http_req_receiving": {
            "min": 0,
            "med": 55709.14765,
            "max": 56912.3709,
            "p(90)": 56615.92952,
            "p(95)": 56702.92869,
            "avg": 49898.51748885984
        },
        "http_req_duration": {
            "max": 59000.5038,
            "p(90)": 58777.8842,
            "p(95)": 58812.2301,
            "avg": 54079.44608413987,
            "min": 395.3742,
            "med": 58659.6622
        },
        "http_req_duration{expected_response:true}": {
            "p(90)": 2327.5708,
            "p(95)": 2973.5757750000002,
            "avg": 1948.5626980295583,
            "min": 395.3742,
            "med": 1903.59655,
            "max": 5274.8976
        },
        "data_received": {
            "count": 1393894452,
            "rate": 21045633.489572305
        },
        "iterations": {
            "count": 5000,
            "rate": 75.49220624049197
        },
        "http_req_waiting": {
            "avg": 4177.305401999998,
            "min": 364.3668,
            "med": 2739.29485,
            "max": 58796.9443,
            "p(90)": 3599.59416,
            "p(95)": 3980.988420000001
        },
        "http_req_failed": {
            "passes": 4594,
            "fails": 406,
            "value": 0.9188
        },
        "data_sent": {
            "count": 4230256,
            "rate": 63870.27168041572
        },
        "http_req_sending": {
            "avg": 3.6231932799999966,
            "min": 0,
            "med": 2.0069,
            "max": 1106.1151,
            "p(90)": 7.00111,
            "p(95)": 10.6935
        }
    },
    "root_group": {
        "name": "",
        "path": "",
        "id": "d41d8cd98f00b204e9800998ecf8427e",
        "groups": {},
        "checks": {
                "200 OK": {
                    "name": "200 OK",
                    "path": "::200 OK",
                    "id": "e9654c443eff553da9e69eda7007924e",
                    "passes": 5000,
                    "fails": 0
                },
                "201 Created": {
                    "passes": 0,
                    "fails": 5000,
                    "name": "201 Created",
                    "path": "::201 Created",
                    "id": "728dcd977aae263ca314731145e1d447"
                },
                "204 No Content": {
                    "name": "204 No Content",
                    "path": "::204 No Content",
                    "id": "54fa3c2eda34e1622fda2da5e0479fc5",
                    "passes": 0,
                    "fails": 5000
                },
                "400 Bad Request": {
                    "name": "400 Bad Request",
                    "path": "::400 Bad Request",
                    "id": "eeae81934b9b58bccaf0184a6d070338",
                    "passes": 0,
                    "fails": 5000
                },
                "401 Unauthorized": {
                    "fails": 5000,
                    "name": "401 Unauthorized",
                    "path": "::401 Unauthorized",
                    "id": "6ae9254e6aefe7f0bafe5102fa7e20a5",
                    "passes": 0
                },
                "403 Forbidden": {
                    "name": "403 Forbidden",
                    "path": "::403 Forbidden",
                    "id": "655548b761742c5a7ad15aa7df3a5d9c",
                    "passes": 0,
                    "fails": 5000
                },
                "404 Not Found": {
                    "path": "::404 Not Found",
                    "id": "df1528f9925ca236bac51008f77b774a",
                    "passes": 0,
                    "fails": 5000,
                    "name": "404 Not Found"
                },
                "429 Too Many Requests": {
                    "fails": 5000,
                    "name": "429 Too Many Requests",
                    "path": "::429 Too Many Requests",
                    "id": "b810c35b9499cc7342fd415032e3a6aa",
                    "passes": 0
                },
                "500 Internal Server Error": {
                    "fails": 5000,
                    "name": "500 Internal Server Error",
                    "path": "::500 Internal Server Error",
                    "id": "3cd96245b24e869810efe46d533b0eef",
                    "passes": 0
                },
                "502 Bad Gateway": {
                    "name": "502 Bad Gateway",
                    "path": "::502 Bad Gateway",
                    "id": "712cb0ec189a11f31f0d6d0c0031b569",
                    "passes": 0,
                    "fails": 5000
                },
                "503 Service Unavailable": {
                    "name": "503 Service Unavailable",
                    "path": "::503 Service Unavailable",
                    "id": "f1ea1a22be0dc738c385523a66ea1cd9",
                    "passes": 0,
                    "fails": 5000
                },
                "504 Gateway Timeout": {
                    "fails": 5000,
                    "name": "504 Gateway Timeout",
                    "path": "::504 Gateway Timeout",
                    "id": "218efb729cb654723ccd57c6ebbebe29",
                    "passes": 0
                }
            }
    }
}