{
    "metrics": {
        "data_received": {
            "count": 43259928,
            "rate": 2636959.265641099
        },
        "iteration_duration": {
            "avg": 13255.019785890012,
            "min": 1601.5099,
            "med": 13526.322400000001,
            "max": 16301.2877,
            "p(90)": 14742.845070000001,
            "p(95)": 15037.924345
        },
        "http_reqs": {
            "count": 10000,
            "rate": 609.5616399641485
        },
        "http_req_duration{expected_response:true}": {
            "avg": 10968.254654619992,
            "min": 640.5203,
            "med": 11434.92595,
            "max": 12842.8288,
            "p(90)": 12196.024370000001,
            "p(95)": 12300.418105
        },
        "http_req_blocked": {
            "max": 6078.9232,
            "p(90)": 2914.23554,
            "p(95)": 2981.569635,
            "avg": 2250.308777409996,
            "min": 184.2052,
            "med": 2186.2346500000003
        },
        "vus_max": {
            "value": 10000,
            "min": 1378,
            "max": 10000
        },
        "http_req_sending": {
            "avg": 2.0255690200000105,
            "min": 0,
            "med": 1.0003,
            "max": 112.9992,
            "p(90)": 4.0074,
            "p(95)": 8.007555
        },
        "http_req_waiting": {
            "p(95)": 12298.056209999999,
            "avg": 10966.124041509976,
            "min": 625.3412,
            "med": 11433.42535,
            "max": 12839.8275,
            "p(90)": 12194.916379999999
        },
        "http_req_receiving": {
            "min": 0,
            "med": 0,
            "max": 13.8846,
            "p(90)": 0.5147,
            "p(95)": 0.7761,
            "avg": 0.10504408999999994
        },
        "http_req_connecting": {
            "p(95)": 2266.73459,
            "avg": 1275.8573112099978,
            "min": 17.9983,
            "med": 1283.6404,
            "max": 2440.465,
            "p(90)": 2136.7874400000014
        },
        "iterations": {
            "count": 10000,
            "rate": 609.5616399641485
        },
        "vus": {
            "value": 5083,
            "min": 0,
            "max": 9899
        },
        "data_sent": {
            "count": 8060000,
            "rate": 491306.6818111037
        },
        "http_req_tls_handshaking": {
            "min": 8.9998,
            "med": 799.08015,
            "max": 5071.0391,
            "p(90)": 1516.19417,
            "p(95)": 1948.441315,
            "avg": 970.403957739996
        },
        "http_req_failed": {
            "passes": 0,
            "fails": 10000,
            "value": 0
        },
        "checks": {
            "passes": 10000,
            "fails": 110000,
            "value": 0.08333333333333333
        },
        "http_req_duration": {
            "avg": 10968.254654619992,
            "min": 640.5203,
            "med": 11434.92595,
            "max": 12842.8288,
            "p(90)": 12196.024370000001,
            "p(95)": 12300.418105
        }
    },
    "root_group": {
        "checks": {
            "200 OK": {
                "passes": 10000,
                "fails": 0,
                "name": "200 OK",
                "path": "::200 OK",
                "id": "e9654c443eff553da9e69eda7007924e"
            },
            "201 Created": {
                "path": "::201 Created",
                "id": "728dcd977aae263ca314731145e1d447",
                "passes": 0,
                "fails": 10000,
                "name": "201 Created"
            },
            "204 No Content": {
                "passes": 0,
                "fails": 10000,
                "name": "204 No Content",
                "path": "::204 No Content",
                "id": "54fa3c2eda34e1622fda2da5e0479fc5"
            },
            "400 Bad Request": {
                "name": "400 Bad Request",
                "path": "::400 Bad Request",
                "id": "eeae81934b9b58bccaf0184a6d070338",
                "passes": 0,
                "fails": 10000
            },
            "401 Unauthorized": {
                "name": "401 Unauthorized",
                "path": "::401 Unauthorized",
                "id": "6ae9254e6aefe7f0bafe5102fa7e20a5",
                "passes": 0,
                "fails": 10000
            },
            "403 Forbidden": {
                "passes": 0,
                "fails": 10000,
                "name": "403 Forbidden",
                "path": "::403 Forbidden",
                "id": "655548b761742c5a7ad15aa7df3a5d9c"
            },
            "404 Not Found": {
                "fails": 10000,
                "name": "404 Not Found",
                "path": "::404 Not Found",
                "id": "df1528f9925ca236bac51008f77b774a",
                "passes": 0
            },
            "429 Too Many Requests": {
                "name": "429 Too Many Requests",
                "path": "::429 Too Many Requests",
                "id": "b810c35b9499cc7342fd415032e3a6aa",
                "passes": 0,
                "fails": 10000
            },
            "500 Internal Server Error": {
                "name": "500 Internal Server Error",
                "path": "::500 Internal Server Error",
                "id": "3cd96245b24e869810efe46d533b0eef",
                "passes": 0,
                "fails": 10000
            },
            "502 Bad Gateway": {
                "passes": 0,
                "fails": 10000,
                "name": "502 Bad Gateway",
                "path": "::502 Bad Gateway",
                "id": "712cb0ec189a11f31f0d6d0c0031b569"
            },
            "503 Service Unavailable": {
                "passes": 0,
                "fails": 10000,
                "name": "503 Service Unavailable",
                "path": "::503 Service Unavailable",
                "id": "f1ea1a22be0dc738c385523a66ea1cd9"
            },
            "504 Gateway Timeout": {
                "id": "218efb729cb654723ccd57c6ebbebe29",
                "passes": 0,
                "fails": 10000,
                "name": "504 Gateway Timeout",
                "path": "::504 Gateway Timeout"
            }
        },
        "name": "",
        "path": "",
        "id": "d41d8cd98f00b204e9800998ecf8427e",
        "groups": {}
    }
}