{
    "metrics": {
        "vus": {
            "min": 115,
            "max": 1300,
            "value": 115
        },
        "iterations": {
            "count": 1300,
            "rate": 27.049073427747636
        },
        "vus_max": {
            "value": 1300,
            "min": 1300,
            "max": 1300
        },
        "http_req_blocked": {
            "avg": 291.90737038461526,
            "min": 29.8249,
            "med": 287.1355,
            "max": 568.7152,
            "p(90)": 500.3967100000001,
            "p(95)": 527.1055
        },
        "iteration_duration": {
            "p(95)": 47518.584735,
            "avg": 35948.119287769274,
            "min": 1094.309,
            "med": 38925.1731,
            "max": 47960.4189,
            "p(90)": 46599.85978
        },
        "http_reqs": {
            "count": 1300,
            "rate": 27.049073427747636
        },
        "http_req_receiving": {
            "avg": 434.5313468461541,
            "min": 0,
            "med": 9.0013,
            "max": 6609.3891,
            "p(90)": 1923.9780900000096,
            "p(95)": 3123.514124999999
        },
        "http_req_failed": {
            "passes": 0,
            "fails": 1300,
            "value": 0
        },
        "data_sent": {
            "count": 1106300,
            "rate": 23018.76148701324
        },
        "http_req_tls_handshaking": {
            "avg": 129.12617384615388,
            "min": 24.7321,
            "med": 120.00345,
            "max": 298.1552,
            "p(90)": 183.99039,
            "p(95)": 197.72212499999998
        },
        "http_req_waiting": {
            "med": 34909.10975,
            "max": 44526.4866,
            "p(90)": 38557.53372,
            "p(95)": 39455.36648,
            "avg": 32138.297016615357,
            "min": 306.5799
        },
        "checks": {
            "passes": 1300,
            "fails": 14300,
            "value": 0.08333333333333333
        },
        "http_req_connecting": {
            "avg": 50.58322738461539,
            "min": 2.0049,
            "med": 57.4384,
            "max": 87.9959,
            "p(90)": 73.57729000000006,
            "p(95)": 76.44900499999997
        },
        "http_req_sending": {
            "p(95)": 5.00227,
            "avg": 1.9012238461538495,
            "min": 0,
            "med": 1.0021,
            "max": 22.0007,
            "p(90)": 4.00001
        },
        "data_received": {
            "count": 303634124,
            "rate": 6317709.011727562
        },
        "http_req_duration": {
            "avg": 32574.729587307665,
            "min": 318.6703,
            "med": 34989.444749999995,
            "max": 46977.8406,
            "p(90)": 40280.48168000001,
            "p(95)": 41600.358349999995
        },
        "http_req_duration{expected_response:true}": {
            "min": 318.6703,
            "med": 34989.444749999995,
            "max": 46977.8406,
            "p(90)": 40280.48168000001,
            "p(95)": 41600.358349999995,
            "avg": 32574.729587307665
        }
    },
    "root_group": {
        "path": "",
        "id": "d41d8cd98f00b204e9800998ecf8427e",
        "groups": {},
        "checks": {
                "200 OK": {
                    "path": "::200 OK",
                    "id": "e9654c443eff553da9e69eda7007924e",
                    "passes": 1300,
                    "fails": 0,
                    "name": "200 OK"
                },
                "201 Created": {
                    "path": "::201 Created",
                    "id": "728dcd977aae263ca314731145e1d447",
                    "passes": 0,
                    "fails": 1300,
                    "name": "201 Created"
                },
                "204 No Content": {
                    "name": "204 No Content",
                    "path": "::204 No Content",
                    "id": "54fa3c2eda34e1622fda2da5e0479fc5",
                    "passes": 0,
                    "fails": 1300
                },
                "400 Bad Request": {
                    "name": "400 Bad Request",
                    "path": "::400 Bad Request",
                    "id": "eeae81934b9b58bccaf0184a6d070338",
                    "passes": 0,
                    "fails": 1300
                },
                "401 Unauthorized": {
                    "name": "401 Unauthorized",
                    "path": "::401 Unauthorized",
                    "id": "6ae9254e6aefe7f0bafe5102fa7e20a5",
                    "passes": 0,
                    "fails": 1300
                },
                "403 Forbidden": {
                    "name": "403 Forbidden",
                    "path": "::403 Forbidden",
                    "id": "655548b761742c5a7ad15aa7df3a5d9c",
                    "passes": 0,
                    "fails": 1300
                },
                "404 Not Found": {
                    "fails": 1300,
                    "name": "404 Not Found",
                    "path": "::404 Not Found",
                    "id": "df1528f9925ca236bac51008f77b774a",
                    "passes": 0
                },
                "429 Too Many Requests": {
                    "fails": 1300,
                    "name": "429 Too Many Requests",
                    "path": "::429 Too Many Requests",
                    "id": "b810c35b9499cc7342fd415032e3a6aa",
                    "passes": 0
                },
                "500 Internal Server Error": {
                    "name": "500 Internal Server Error",
                    "path": "::500 Internal Server Error",
                    "id": "3cd96245b24e869810efe46d533b0eef",
                    "passes": 0,
                    "fails": 1300
                },
                "502 Bad Gateway": {
                    "name": "502 Bad Gateway",
                    "path": "::502 Bad Gateway",
                    "id": "712cb0ec189a11f31f0d6d0c0031b569",
                    "passes": 0,
                    "fails": 1300
                },
                "503 Service Unavailable": {
                    "id": "f1ea1a22be0dc738c385523a66ea1cd9",
                    "passes": 0,
                    "fails": 1300,
                    "name": "503 Service Unavailable",
                    "path": "::503 Service Unavailable"
                },
                "504 Gateway Timeout": {
                    "path": "::504 Gateway Timeout",
                    "id": "218efb729cb654723ccd57c6ebbebe29",
                    "passes": 0,
                    "fails": 1300,
                    "name": "504 Gateway Timeout"
                }
            },
        "name": ""
    }
}