{
    "metrics": {
        "vus": {
            "value": 150,
            "min": 150,
            "max": 150
        },
        "vus_max": {
            "value": 150,
            "min": 150,
            "max": 150
        },
        "http_req_receiving": {
            "med": 0,
            "max": 0,
            "p(90)": 0,
            "p(95)": 0,
            "avg": 0,
            "min": 0
        },
        "http_req_failed": {
            "fails": 0,
            "passes": 150,
            "value": 1
        },
        "data_sent": {
            "count": 128850,
            "rate": 2137.382106892339
        },
        "iterations": {
            "count": 150,
            "rate": 2.488221311865354
        },
        "data_received": {
            "count": 518400,
            "rate": 8599.292853806663
        },
        "http_req_blocked": {
            "p(95)": 53.34978499999999,
            "avg": 28.05909133333333,
            "min": 9.9979,
            "med": 22.5015,
            "max": 93.6272,
            "p(90)": 47.998749999999994
        },
        "http_req_sending": {
            "med": 0.9982,
            "max": 7.0058,
            "p(90)": 2.9989999999999997,
            "p(95)": 4.6286,
            "avg": 1.1762439999999998,
            "min": 0
        },
        "http_req_waiting": {
            "avg": 59971.26963733334,
            "min": 59906.7386,
            "med": 59976.4013,
            "max": 59990.9124,
            "p(90)": 59984.913199999995,
            "p(95)": 59987.38879
        },
        "http_req_duration": {
            "avg": 59972.44588133334,
            "min": 59906.7386,
            "med": 59977.56605,
            "max": 59990.9124,
            "p(90)": 59985.742119999995,
            "p(95)": 59987.9928
        },
        "iteration_duration": {
            "min": 60004.5202,
            "med": 60178.92385,
            "max": 60266.5496,
            "p(90)": 60253.02167,
            "p(95)": 60258.934629999996,
            "avg": 60152.358064
        },
        "http_reqs": {
            "count": 150,
            "rate": 2.488221311865354
        },
        "http_req_tls_handshaking": {
            "avg": 13.000758666666664,
            "min": 4.9963,
            "med": 11.81375,
            "max": 82.6255,
            "p(90)": 18.99963,
            "p(95)": 21.834474999999994
        },
        "checks": {
            "passes": 150,
            "fails": 1650,
            "value": 0.08333333333333333
        },
        "http_req_connecting": {
            "max": 78.6289,
            "p(90)": 32.10117999999999,
            "p(95)": 36.099544999999964,
            "avg": 14.555139999999986,
            "min": 2.9963,
            "med": 9.9948
        }
    },
    "root_group": {
        "name": "",
        "path": "",
        "id": "d41d8cd98f00b204e9800998ecf8427e",
        "groups": {},
        "checks": {
                "200 OK": {
                    "name": "200 OK",
                    "path": "::200 OK",
                    "id": "e9654c443eff553da9e69eda7007924e",
                    "passes": 150,
                    "fails": 0
                },
                "201 Created": {
                    "name": "201 Created",
                    "path": "::201 Created",
                    "id": "728dcd977aae263ca314731145e1d447",
                    "passes": 0,
                    "fails": 150
                },
                "204 No Content": {
                    "name": "204 No Content",
                    "path": "::204 No Content",
                    "id": "54fa3c2eda34e1622fda2da5e0479fc5",
                    "passes": 0,
                    "fails": 150
                },
                "400 Bad Request": {
                    "name": "400 Bad Request",
                    "path": "::400 Bad Request",
                    "id": "eeae81934b9b58bccaf0184a6d070338",
                    "passes": 0,
                    "fails": 150
                },
                "401 Unauthorized": {
                    "name": "401 Unauthorized",
                    "path": "::401 Unauthorized",
                    "id": "6ae9254e6aefe7f0bafe5102fa7e20a5",
                    "passes": 0,
                    "fails": 150
                },
                "403 Forbidden": {
                    "name": "403 Forbidden",
                    "path": "::403 Forbidden",
                    "id": "655548b761742c5a7ad15aa7df3a5d9c",
                    "passes": 0,
                    "fails": 150
                },
                "404 Not Found": {
                    "fails": 150,
                    "name": "404 Not Found",
                    "path": "::404 Not Found",
                    "id": "df1528f9925ca236bac51008f77b774a",
                    "passes": 0
                },
                "429 Too Many Requests": {
                    "name": "429 Too Many Requests",
                    "path": "::429 Too Many Requests",
                    "id": "b810c35b9499cc7342fd415032e3a6aa",
                    "passes": 0,
                    "fails": 150
                },
                "500 Internal Server Error": {
                    "name": "500 Internal Server Error",
                    "path": "::500 Internal Server Error",
                    "id": "3cd96245b24e869810efe46d533b0eef",
                    "passes": 0,
                    "fails": 150
                },
                "502 Bad Gateway": {
                    "name": "502 Bad Gateway",
                    "path": "::502 Bad Gateway",
                    "id": "712cb0ec189a11f31f0d6d0c0031b569",
                    "passes": 0,
                    "fails": 150
                },
                "503 Service Unavailable": {
                    "id": "f1ea1a22be0dc738c385523a66ea1cd9",
                    "passes": 0,
                    "fails": 150,
                    "name": "503 Service Unavailable",
                    "path": "::503 Service Unavailable"
                },
                "504 Gateway Timeout": {
                    "fails": 150,
                    "name": "504 Gateway Timeout",
                    "path": "::504 Gateway Timeout",
                    "id": "218efb729cb654723ccd57c6ebbebe29",
                    "passes": 0
                }
            }
    }
}