{
    "metrics": {
        "http_req_connecting": {
            "avg": 3.2057,
            "min": 3.2057,
            "med": 3.2057,
            "max": 3.2057,
            "p(90)": 3.2057,
            "p(95)": 3.2057
        },
        "http_req_duration{expected_response:true}": {
            "max": 379.1313,
            "p(90)": 379.1313,
            "p(95)": 379.1313,
            "avg": 379.1313,
            "min": 379.1313,
            "med": 379.1313
        },
        "http_req_waiting": {
            "avg": 379.1313,
            "min": 379.1313,
            "med": 379.1313,
            "max": 379.1313,
            "p(90)": 379.1313,
            "p(95)": 379.1313
        },
        "http_req_failed": {
            "passes": 0,
            "fails": 1,
            "value": 0
        },
        "data_sent": {
            "count": 806,
            "rate": 799.9602203404079
        },
        "http_req_blocked": {
            "avg": 8.768,
            "min": 8.768,
            "med": 8.768,
            "max": 8.768,
            "p(90)": 8.768,
            "p(95)": 8.768
        },
        "http_req_tls_handshaking": {
            "min": 4.4571,
            "med": 4.4571,
            "max": 4.4571,
            "p(90)": 4.4571,
            "p(95)": 4.4571,
            "avg": 4.4571
        },
        "checks": {
            "passes": 1,
            "fails": 11,
            "value": 0.08333333333333333
        },
        "data_received": {
            "count": 4342,
            "rate": 4309.463122478972
        },
        "iteration_duration": {
            "avg": 1007.5471,
            "min": 1007.5471,
            "med": 1007.5471,
            "max": 1007.5471,
            "p(90)": 1007.5471,
            "p(95)": 1007.5471
        },
        "http_req_sending": {
            "max": 0,
            "p(90)": 0,
            "p(95)": 0,
            "avg": 0,
            "min": 0,
            "med": 0
        },
        "http_reqs": {
            "count": 1,
            "rate": 0.9925064768491413
        },
        "http_req_duration": {
            "med": 379.1313,
            "max": 379.1313,
            "p(90)": 379.1313,
            "p(95)": 379.1313,
            "avg": 379.1313,
            "min": 379.1313
        },
        "vus_max": {
            "value": 1,
            "min": 1,
            "max": 1
        },
        "iterations": {
            "count": 1,
            "rate": 0.9925064768491413
        },
        "http_req_receiving": {
            "avg": 0,
            "min": 0,
            "med": 0,
            "max": 0,
            "p(90)": 0,
            "p(95)": 0
        },
        "vus": {
            "max": 1,
            "value": 1,
            "min": 1
        }
    },
    "root_group": {
        "name": "",
        "path": "",
        "id": "d41d8cd98f00b204e9800998ecf8427e",
        "groups": {},
        "checks": {
                "200 OK": {
                    "fails": 0,
                    "name": "200 OK",
                    "path": "::200 OK",
                    "id": "e9654c443eff553da9e69eda7007924e",
                    "passes": 1
                },
                "201 Created": {
                    "name": "201 Created",
                    "path": "::201 Created",
                    "id": "728dcd977aae263ca314731145e1d447",
                    "passes": 0,
                    "fails": 1
                },
                "204 No Content": {
                    "name": "204 No Content",
                    "path": "::204 No Content",
                    "id": "54fa3c2eda34e1622fda2da5e0479fc5",
                    "passes": 0,
                    "fails": 1
                },
                "400 Bad Request": {
                    "name": "400 Bad Request",
                    "path": "::400 Bad Request",
                    "id": "eeae81934b9b58bccaf0184a6d070338",
                    "passes": 0,
                    "fails": 1
                },
                "401 Unauthorized": {
                    "passes": 0,
                    "fails": 1,
                    "name": "401 Unauthorized",
                    "path": "::401 Unauthorized",
                    "id": "6ae9254e6aefe7f0bafe5102fa7e20a5"
                },
                "403 Forbidden": {
                    "name": "403 Forbidden",
                    "path": "::403 Forbidden",
                    "id": "655548b761742c5a7ad15aa7df3a5d9c",
                    "passes": 0,
                    "fails": 1
                },
                "404 Not Found": {
                    "name": "404 Not Found",
                    "path": "::404 Not Found",
                    "id": "df1528f9925ca236bac51008f77b774a",
                    "passes": 0,
                    "fails": 1
                },
                "429 Too Many Requests": {
                    "passes": 0,
                    "fails": 1,
                    "name": "429 Too Many Requests",
                    "path": "::429 Too Many Requests",
                    "id": "b810c35b9499cc7342fd415032e3a6aa"
                },
                "500 Internal Server Error": {
                    "path": "::500 Internal Server Error",
                    "id": "3cd96245b24e869810efe46d533b0eef",
                    "passes": 0,
                    "fails": 1,
                    "name": "500 Internal Server Error"
                },
                "502 Bad Gateway": {
                    "path": "::502 Bad Gateway",
                    "id": "712cb0ec189a11f31f0d6d0c0031b569",
                    "passes": 0,
                    "fails": 1,
                    "name": "502 Bad Gateway"
                },
                "503 Service Unavailable": {
                    "name": "503 Service Unavailable",
                    "path": "::503 Service Unavailable",
                    "id": "f1ea1a22be0dc738c385523a66ea1cd9",
                    "passes": 0,
                    "fails": 1
                },
                "504 Gateway Timeout": {
                    "passes": 0,
                    "fails": 1,
                    "name": "504 Gateway Timeout",
                    "path": "::504 Gateway Timeout",
                    "id": "218efb729cb654723ccd57c6ebbebe29"
                }
            }
    }
}