{
    "metrics": {
        "http_req_blocked": {
            "avg": 4069.286559790005,
            "min": 3399.3186,
            "med": 4180.2176,
            "max": 5207.876,
            "p(90)": 4571.85041,
            "p(95)": 4761.6356000000005
        },
        "vus_max": {
            "max": 10000,
            "value": 10000,
            "min": 1389
        },
        "http_req_connecting": {
            "avg": 1394.7083641200097,
            "min": 2.9992,
            "med": 1497.5901,
            "max": 2032.5891,
            "p(90)": 1895.01981,
            "p(95)": 1951.6852
        },
        "http_req_tls_handshaking": {
            "p(95)": 3405.86811,
            "avg": 2673.0238254399915,
            "min": 1388.9299,
            "med": 2741.3971,
            "max": 4563.6275,
            "p(90)": 3233.7525100000003
        },
        "data_sent": {
            "count": 8064128,
            "rate": 598278.770987537
        },
        "data_received": {
            "count": 43149943,
            "rate": 3201300.2355893003
        },
        "http_req_waiting": {
            "avg": 7417.96908811,
            "min": 2040.4664,
            "med": 7420.58625,
            "max": 9716.819,
            "p(90)": 9180.39823,
            "p(95)": 9361.149495
        },
        "http_req_sending": {
            "p(90)": 3.9989,
            "p(95)": 5.0004,
            "avg": 1.097687739999997,
            "min": 0,
            "med": 0,
            "max": 26.0073
        },
        "vus": {
            "value": 2229,
            "min": 0,
            "max": 10000
        },
        "iterations": {
            "count": 10000,
            "rate": 741.901382254271
        },
        "http_req_duration{expected_response:true}": {
            "p(90)": 9188.49044,
            "p(95)": 9371.658255,
            "avg": 7495.32018373017,
            "min": 3443.7719,
            "med": 7456.2094,
            "max": 9720.8217
        },
        "http_reqs": {
            "count": 10000,
            "rate": 741.901382254271
        },
        "http_req_duration": {
            "avg": 7419.151615370002,
            "min": 2040.4664,
            "med": 7420.831749999999,
            "max": 9720.8217,
            "p(90)": 9184.13792,
            "p(95)": 9367.173449999998
        },
        "http_req_failed": {
            "passes": 172,
            "fails": 9828,
            "value": 0.0172
        },
        "http_req_receiving": {
            "avg": 0.08483952000000006,
            "min": 0,
            "med": 0,
            "max": 18.9153,
            "p(90)": 0,
            "p(95)": 0.9979
        },
        "iteration_duration": {
            "max": 13455.6539,
            "p(90)": 13040.653180000001,
            "p(95)": 13212.063505,
            "avg": 11710.86668150004,
            "min": 7973.1498,
            "med": 11916.45965
        },
        "checks": {
            "passes": 10000,
            "fails": 110000,
            "value": 0.08333333333333333
        }
    },
    "root_group": {
        "name": "",
        "path": "",
        "id": "d41d8cd98f00b204e9800998ecf8427e",
        "groups": {},
        "checks": {
                "200 OK": {
                    "fails": 0,
                    "name": "200 OK",
                    "path": "::200 OK",
                    "id": "e9654c443eff553da9e69eda7007924e",
                    "passes": 10000
                },
                "201 Created": {
                    "name": "201 Created",
                    "path": "::201 Created",
                    "id": "728dcd977aae263ca314731145e1d447",
                    "passes": 0,
                    "fails": 10000
                },
                "204 No Content": {
                    "fails": 10000,
                    "name": "204 No Content",
                    "path": "::204 No Content",
                    "id": "54fa3c2eda34e1622fda2da5e0479fc5",
                    "passes": 0
                },
                "400 Bad Request": {
                    "name": "400 Bad Request",
                    "path": "::400 Bad Request",
                    "id": "eeae81934b9b58bccaf0184a6d070338",
                    "passes": 0,
                    "fails": 10000
                },
                "401 Unauthorized": {
                    "path": "::401 Unauthorized",
                    "id": "6ae9254e6aefe7f0bafe5102fa7e20a5",
                    "passes": 0,
                    "fails": 10000,
                    "name": "401 Unauthorized"
                },
                "403 Forbidden": {
                    "passes": 0,
                    "fails": 10000,
                    "name": "403 Forbidden",
                    "path": "::403 Forbidden",
                    "id": "655548b761742c5a7ad15aa7df3a5d9c"
                },
                "404 Not Found": {
                    "name": "404 Not Found",
                    "path": "::404 Not Found",
                    "id": "df1528f9925ca236bac51008f77b774a",
                    "passes": 0,
                    "fails": 10000
                },
                "429 Too Many Requests": {
                    "path": "::429 Too Many Requests",
                    "id": "b810c35b9499cc7342fd415032e3a6aa",
                    "passes": 0,
                    "fails": 10000,
                    "name": "429 Too Many Requests"
                },
                "500 Internal Server Error": {
                    "name": "500 Internal Server Error",
                    "path": "::500 Internal Server Error",
                    "id": "3cd96245b24e869810efe46d533b0eef",
                    "passes": 0,
                    "fails": 10000
                },
                "502 Bad Gateway": {
                    "passes": 0,
                    "fails": 10000,
                    "name": "502 Bad Gateway",
                    "path": "::502 Bad Gateway",
                    "id": "712cb0ec189a11f31f0d6d0c0031b569"
                },
                "503 Service Unavailable": {
                    "id": "f1ea1a22be0dc738c385523a66ea1cd9",
                    "passes": 0,
                    "fails": 10000,
                    "name": "503 Service Unavailable",
                    "path": "::503 Service Unavailable"
                },
                "504 Gateway Timeout": {
                    "passes": 0,
                    "fails": 10000,
                    "name": "504 Gateway Timeout",
                    "path": "::504 Gateway Timeout",
                    "id": "218efb729cb654723ccd57c6ebbebe29"
                }
            }
    }
}