{
    "metrics": {
        "http_req_waiting": {
            "max": 59967.0731,
            "p(90)": 59964.98032,
            "p(95)": 59965.4094,
            "avg": 59960.791489999996,
            "min": 59952.3251,
            "med": 59961.067200000005
        },
        "http_req_receiving": {
            "med": 0,
            "max": 0,
            "p(90)": 0,
            "p(95)": 0,
            "avg": 0,
            "min": 0
        },
        "iteration_duration": {
            "med": 60033.8081,
            "max": 60039.3626,
            "p(90)": 60037.03125,
            "p(95)": 60038.468,
            "avg": 60031.02604500002,
            "min": 60003.8523
        },
        "vus_max": {
            "value": 40,
            "min": 40,
            "max": 40
        },
        "http_req_duration": {
            "p(95)": 59965.4094,
            "avg": 59960.8786825,
            "min": 59952.3251,
            "med": 59961.067200000005,
            "max": 59967.0731,
            "p(90)": 59965.1164
        },
        "http_req_blocked": {
            "avg": 39.65914,
            "min": 33.5386,
            "med": 39.4696,
            "max": 48.0645,
            "p(90)": 43.88799,
            "p(95)": 46.042444999999994
        },
        "http_req_sending": {
            "avg": 0.08719249999999999,
            "min": 0,
            "med": 0,
            "max": 0.6642,
            "p(90)": 0.51469,
            "p(95)": 0.54503
        },
        "http_req_failed": {
            "passes": 40,
            "fails": 0,
            "value": 1
        },
        "data_received": {
            "rate": 2302.4614300360427,
            "count": 138240
        },
        "checks": {
            "passes": 40,
            "fails": 440,
            "value": 0.08333333333333333
        },
        "http_req_connecting": {
            "p(90)": 5.051,
            "p(95)": 5.05227,
            "avg": 4.15593,
            "min": 3.2886,
            "med": 4.0204,
            "max": 5.588
        },
        "http_req_tls_handshaking": {
            "med": 6.6583,
            "max": 10.84,
            "p(90)": 9.63214,
            "p(95)": 10.319629999999998,
            "avg": 7.028465,
            "min": 4.6812
        },
        "data_sent": {
            "count": 34360,
            "rate": 572.2842501160187
        },
        "iterations": {
            "count": 40,
            "rate": 0.666221478598392
        },
        "http_reqs": {
            "count": 40,
            "rate": 0.666221478598392
        },
        "vus": {
            "value": 40,
            "min": 40,
            "max": 40
        }
    },
    "root_group": {
        "name": "",
        "path": "",
        "id": "d41d8cd98f00b204e9800998ecf8427e",
        "groups": {},
        "checks": {
                "200 OK": {
                    "passes": 40,
                    "fails": 0,
                    "name": "200 OK",
                    "path": "::200 OK",
                    "id": "e9654c443eff553da9e69eda7007924e"
                },
                "201 Created": {
                    "name": "201 Created",
                    "path": "::201 Created",
                    "id": "728dcd977aae263ca314731145e1d447",
                    "passes": 0,
                    "fails": 40
                },
                "204 No Content": {
                    "passes": 0,
                    "fails": 40,
                    "name": "204 No Content",
                    "path": "::204 No Content",
                    "id": "54fa3c2eda34e1622fda2da5e0479fc5"
                },
                "400 Bad Request": {
                    "fails": 40,
                    "name": "400 Bad Request",
                    "path": "::400 Bad Request",
                    "id": "eeae81934b9b58bccaf0184a6d070338",
                    "passes": 0
                },
                "401 Unauthorized": {
                    "name": "401 Unauthorized",
                    "path": "::401 Unauthorized",
                    "id": "6ae9254e6aefe7f0bafe5102fa7e20a5",
                    "passes": 0,
                    "fails": 40
                },
                "403 Forbidden": {
                    "name": "403 Forbidden",
                    "path": "::403 Forbidden",
                    "id": "655548b761742c5a7ad15aa7df3a5d9c",
                    "passes": 0,
                    "fails": 40
                },
                "404 Not Found": {
                    "fails": 40,
                    "name": "404 Not Found",
                    "path": "::404 Not Found",
                    "id": "df1528f9925ca236bac51008f77b774a",
                    "passes": 0
                },
                "429 Too Many Requests": {
                    "path": "::429 Too Many Requests",
                    "id": "b810c35b9499cc7342fd415032e3a6aa",
                    "passes": 0,
                    "fails": 40,
                    "name": "429 Too Many Requests"
                },
                "500 Internal Server Error": {
                    "id": "3cd96245b24e869810efe46d533b0eef",
                    "passes": 0,
                    "fails": 40,
                    "name": "500 Internal Server Error",
                    "path": "::500 Internal Server Error"
                },
                "502 Bad Gateway": {
                    "path": "::502 Bad Gateway",
                    "id": "712cb0ec189a11f31f0d6d0c0031b569",
                    "passes": 0,
                    "fails": 40,
                    "name": "502 Bad Gateway"
                },
                "503 Service Unavailable": {
                    "passes": 0,
                    "fails": 40,
                    "name": "503 Service Unavailable",
                    "path": "::503 Service Unavailable",
                    "id": "f1ea1a22be0dc738c385523a66ea1cd9"
                },
                "504 Gateway Timeout": {
                    "passes": 0,
                    "fails": 40,
                    "name": "504 Gateway Timeout",
                    "path": "::504 Gateway Timeout",
                    "id": "218efb729cb654723ccd57c6ebbebe29"
                }
            }
    }
}