{
    "metrics": {
        "http_req_connecting": {
            "min": 0,
            "med": 451.6999,
            "max": 9191.155,
            "p(90)": 7300.871569999999,
            "p(95)": 7462.4753,
            "avg": 1373.054459475002
        },
        "http_req_duration": {
            "med": 28790.08055,
            "max": 37592.9108,
            "p(90)": 31621.92106,
            "p(95)": 32258.059885,
            "avg": 28824.926916299955,
            "min": 16049.5525
        },
        "http_req_sending": {
            "max": 28995.5673,
            "p(90)": 8051.446169999999,
            "p(95)": 9569.351024999998,
            "avg": 5506.2831518500025,
            "min": 1942.4636,
            "med": 4977.82915
        },
        "iteration_duration": {
            "p(90)": 35294.451389999995,
            "p(95)": 36056.400649999996,
            "avg": 31287.701332999968,
            "min": 17135.7202,
            "med": 30891.35585,
            "max": 40604.7791
        },
        "iterations": {
            "count": 4000,
            "rate": 91.44607284828723
        },
        "http_req_waiting": {
            "p(90)": 26279.84251,
            "p(95)": 27244.513754999996,
            "avg": 23318.528991400035,
            "min": 7716.9051,
            "med": 23385.1188,
            "max": 29958.9631
        },
        "data_received": {
            "count": 16119666,
            "rate": 368520.03783151467
        },
        "data_sent": {
            "rate": 96110803.16265054,
            "count": 4204042893
        },
        "checks": {
            "fails": 44000,
            "passes": 4000,
            "value": 0.08333333333333333
        },
        "http_req_blocked": {
            "p(90)": 7897.51386,
            "p(95)": 8135.845405,
            "avg": 2318.8970399750015,
            "min": 55.2371,
            "med": 1149.4623000000001,
            "max": 9207.2281
        },
        "http_req_duration{expected_response:true}": {
            "max": 37592.9108,
            "p(90)": 31648.56653,
            "p(95)": 32263.535210000002,
            "avg": 28901.59662389869,
            "min": 19130.7428,
            "med": 28821.55715
        },
        "http_req_tls_handshaking": {
            "p(95)": 4346.306929999999,
            "avg": 929.4065907749992,
            "min": 16.0731,
            "med": 606.58245,
            "max": 8591.9813,
            "p(90)": 1175.3349999999998
        },
        "http_req_receiving": {
            "max": 30.9981,
            "p(90)": 0.5175099999999999,
            "p(95)": 0.6816199999999988,
            "avg": 0.11477304999999993,
            "min": 0,
            "med": 0
        },
        "vus": {
            "value": 1,
            "min": 0,
            "max": 4000
        },
        "vus_max": {
            "value": 4000,
            "min": 1429,
            "max": 4000
        },
        "http_reqs": {
            "count": 4000,
            "rate": 91.44607284828723
        },
        "http_req_failed": {
            "passes": 50,
            "fails": 3950,
            "value": 0.0125
        }
    },
    "root_group": {
        "path": "",
        "id": "d41d8cd98f00b204e9800998ecf8427e",
        "groups": {},
        "checks": {
                "200 OK": {
                    "fails": 0,
                    "name": "200 OK",
                    "path": "::200 OK",
                    "id": "e9654c443eff553da9e69eda7007924e",
                    "passes": 4000
                },
                "201 Created": {
                    "name": "201 Created",
                    "path": "::201 Created",
                    "id": "728dcd977aae263ca314731145e1d447",
                    "passes": 0,
                    "fails": 4000
                },
                "204 No Content": {
                    "name": "204 No Content",
                    "path": "::204 No Content",
                    "id": "54fa3c2eda34e1622fda2da5e0479fc5",
                    "passes": 0,
                    "fails": 4000
                },
                "400 Bad Request": {
                    "name": "400 Bad Request",
                    "path": "::400 Bad Request",
                    "id": "eeae81934b9b58bccaf0184a6d070338",
                    "passes": 0,
                    "fails": 4000
                },
                "401 Unauthorized": {
                    "passes": 0,
                    "fails": 4000,
                    "name": "401 Unauthorized",
                    "path": "::401 Unauthorized",
                    "id": "6ae9254e6aefe7f0bafe5102fa7e20a5"
                },
                "403 Forbidden": {
                    "path": "::403 Forbidden",
                    "id": "655548b761742c5a7ad15aa7df3a5d9c",
                    "passes": 0,
                    "fails": 4000,
                    "name": "403 Forbidden"
                },
                "404 Not Found": {
                    "name": "404 Not Found",
                    "path": "::404 Not Found",
                    "id": "df1528f9925ca236bac51008f77b774a",
                    "passes": 0,
                    "fails": 4000
                },
                "429 Too Many Requests": {
                    "name": "429 Too Many Requests",
                    "path": "::429 Too Many Requests",
                    "id": "b810c35b9499cc7342fd415032e3a6aa",
                    "passes": 0,
                    "fails": 4000
                },
                "500 Internal Server Error": {
                    "name": "500 Internal Server Error",
                    "path": "::500 Internal Server Error",
                    "id": "3cd96245b24e869810efe46d533b0eef",
                    "passes": 0,
                    "fails": 4000
                },
                "502 Bad Gateway": {
                    "path": "::502 Bad Gateway",
                    "id": "712cb0ec189a11f31f0d6d0c0031b569",
                    "passes": 0,
                    "fails": 4000,
                    "name": "502 Bad Gateway"
                },
                "503 Service Unavailable": {
                    "id": "f1ea1a22be0dc738c385523a66ea1cd9",
                    "passes": 0,
                    "fails": 4000,
                    "name": "503 Service Unavailable",
                    "path": "::503 Service Unavailable"
                },
                "504 Gateway Timeout": {
                    "name": "504 Gateway Timeout",
                    "path": "::504 Gateway Timeout",
                    "id": "218efb729cb654723ccd57c6ebbebe29",
                    "passes": 0,
                    "fails": 4000
                }
            },
        "name": ""
    }
}