{
    "metrics": {
        "http_req_blocked": {
            "p(95)": 645.8289199999999,
            "avg": 207.0605975000001,
            "min": 2.6407,
            "med": 53.972,
            "max": 3680.0111,
            "p(90)": 599.8642600000001
        },
        "http_reqs": {
            "count": 3000,
            "rate": 67.90483405504929
        },
        "http_req_connecting": {
            "p(95)": 17.99783,
            "avg": 11.120155933333326,
            "min": 0,
            "med": 7.25525,
            "max": 3079.4254,
            "p(90)": 13.24676
        },
        "http_req_tls_handshaking": {
            "p(95)": 635.6760999999999,
            "avg": 193.6867460999999,
            "min": 0,
            "med": 28.60865,
            "max": 793.8606,
            "p(90)": 593.5727400000001
        },
        "vus": {
            "min": 0,
            "max": 3000,
            "value": 221
        },
        "http_req_duration{expected_response:true}": {
            "avg": 31260.772178456333,
            "min": 615.5341,
            "med": 32321.6109,
            "max": 38530.9901,
            "p(90)": 35834.44616,
            "p(95)": 37368.90622
        },
        "http_req_sending": {
            "med": 180.87925,
            "max": 22297.9209,
            "p(90)": 9352.359489999999,
            "p(95)": 9817.045544999999,
            "avg": 3019.9536438333257,
            "min": 19.9395
        },
        "http_req_duration": {
            "med": 30323.84765,
            "max": 39988.9581,
            "p(90)": 35714.87578,
            "p(95)": 37223.073175,
            "avg": 31170.468519666676,
            "min": 615.5341
        },
        "http_req_waiting": {
            "p(90)": 30167.13618,
            "p(95)": 30247.47177,
            "avg": 28150.27470473339,
            "min": 512.479,
            "med": 30010.19185,
            "max": 39949.0774
        },
        "http_req_failed": {
            "passes": 331,
            "fails": 2669,
            "value": 0.11033333333333334
        },
        "iterations": {
            "count": 3000,
            "rate": 67.90483405504929
        },
        "iteration_duration": {
            "avg": 31395.20062833336,
            "min": 1003.7373,
            "med": 30425.2793,
            "max": 40018.0473,
            "p(90)": 36150.202529999995,
            "p(95)": 37874.930605
        },
        "vus_max": {
            "value": 3000,
            "min": 1356,
            "max": 3000
        },
        "data_sent": {
            "count": 3153076893,
            "rate": 71369721.06065847
        },
        "checks": {
            "passes": 3000,
            "fails": 33000,
            "value": 0.08333333333333333
        },
        "data_received": {
            "count": 12354110,
            "rate": 279634.59648260835
        },
        "http_req_receiving": {
            "max": 16.7781,
            "p(90)": 0.7286899999999997,
            "p(95)": 0.9539,
            "avg": 0.24017110000000003,
            "min": 0,
            "med": 0
        }
    },
    "root_group": {
        "checks": {
            "200 OK": {
                "name": "200 OK",
                "path": "::200 OK",
                "id": "e9654c443eff553da9e69eda7007924e",
                "passes": 3000,
                "fails": 0
            },
            "201 Created": {
                "fails": 3000,
                "name": "201 Created",
                "path": "::201 Created",
                "id": "728dcd977aae263ca314731145e1d447",
                "passes": 0
            },
            "204 No Content": {
                "name": "204 No Content",
                "path": "::204 No Content",
                "id": "54fa3c2eda34e1622fda2da5e0479fc5",
                "passes": 0,
                "fails": 3000
            },
            "400 Bad Request": {
                "name": "400 Bad Request",
                "path": "::400 Bad Request",
                "id": "eeae81934b9b58bccaf0184a6d070338",
                "passes": 0,
                "fails": 3000
            },
            "401 Unauthorized": {
                "name": "401 Unauthorized",
                "path": "::401 Unauthorized",
                "id": "6ae9254e6aefe7f0bafe5102fa7e20a5",
                "passes": 0,
                "fails": 3000
            },
            "403 Forbidden": {
                "id": "655548b761742c5a7ad15aa7df3a5d9c",
                "passes": 0,
                "fails": 3000,
                "name": "403 Forbidden",
                "path": "::403 Forbidden"
            },
            "404 Not Found": {
                "path": "::404 Not Found",
                "id": "df1528f9925ca236bac51008f77b774a",
                "passes": 0,
                "fails": 3000,
                "name": "404 Not Found"
            },
            "429 Too Many Requests": {
                "name": "429 Too Many Requests",
                "path": "::429 Too Many Requests",
                "id": "b810c35b9499cc7342fd415032e3a6aa",
                "passes": 0,
                "fails": 3000
            },
            "500 Internal Server Error": {
                "name": "500 Internal Server Error",
                "path": "::500 Internal Server Error",
                "id": "3cd96245b24e869810efe46d533b0eef",
                "passes": 0,
                "fails": 3000
            },
            "502 Bad Gateway": {
                "path": "::502 Bad Gateway",
                "id": "712cb0ec189a11f31f0d6d0c0031b569",
                "passes": 0,
                "fails": 3000,
                "name": "502 Bad Gateway"
            },
            "503 Service Unavailable": {
                "id": "f1ea1a22be0dc738c385523a66ea1cd9",
                "passes": 0,
                "fails": 3000,
                "name": "503 Service Unavailable",
                "path": "::503 Service Unavailable"
            },
            "504 Gateway Timeout": {
                "name": "504 Gateway Timeout",
                "path": "::504 Gateway Timeout",
                "id": "218efb729cb654723ccd57c6ebbebe29",
                "passes": 0,
                "fails": 3000
            }
        },
        "name": "",
        "path": "",
        "id": "d41d8cd98f00b204e9800998ecf8427e",
        "groups": {}
    }
}