{
    "metrics": {
        "http_req_waiting": {
            "med": 19137.33745,
            "max": 25114.6753,
            "p(90)": 20641.01417,
            "p(95)": 21115.81329,
            "avg": 18252.53835273334,
            "min": 25.233
        },
        "data_received": {
            "count": 12075000,
            "rate": 264696.52890409593
        },
        "http_req_duration{expected_response:true}": {
            "p(90)": 25982.77213,
            "p(95)": 26466.89261,
            "avg": 22728.352775899977,
            "min": 80.2328,
            "med": 23807.37425,
            "max": 40199.1203
        },
        "http_req_failed": {
            "passes": 0,
            "fails": 3000,
            "value": 0
        },
        "http_reqs": {
            "count": 3000,
            "rate": 65.76311277120396
        },
        "http_req_blocked": {
            "avg": 1118.3146356000009,
            "min": 12.9969,
            "med": 685.6155,
            "max": 9168.4029,
            "p(90)": 2371.67341,
            "p(95)": 3379.2959699999997
        },
        "data_sent": {
            "count": 3153031893,
            "rate": 69117730.65018722
        },
        "iterations": {
            "count": 3000,
            "rate": 65.76311277120396
        },
        "http_req_connecting": {
            "min": 0,
            "med": 62.2327,
            "max": 9147.558,
            "p(90)": 1012.9505899999999,
            "p(95)": 3015.0736599999996,
            "avg": 400.2088888666671
        },
        "iteration_duration": {
            "max": 40764.1609,
            "p(90)": 27596.9863,
            "p(95)": 28536.984794999997,
            "avg": 23925.11930196671,
            "min": 1000.5139,
            "med": 24860.864800000003
        },
        "checks": {
            "passes": 3000,
            "fails": 33000,
            "value": 0.08333333333333333
        },
        "http_req_duration": {
            "avg": 22728.352775899977,
            "min": 80.2328,
            "med": 23807.37425,
            "max": 40199.1203,
            "p(90)": 25982.77213,
            "p(95)": 26466.89261
        },
        "vus_max": {
            "value": 3000,
            "min": 1701,
            "max": 3000
        },
        "http_req_tls_handshaking": {
            "avg": 712.2845288000003,
            "min": 3.9748,
            "med": 604.9648,
            "max": 5385.2524,
            "p(90)": 1237.70329,
            "p(95)": 1560.9427999999996
        },
        "http_req_receiving": {
            "med": 0,
            "max": 15.5611,
            "p(90)": 0.64002,
            "p(95)": 1.9551149999999868,
            "avg": 0.4921216666666669,
            "min": 0
        },
        "http_req_sending": {
            "avg": 4475.322301500007,
            "min": 22.386,
            "med": 4399.1641500000005,
            "max": 37023.8816,
            "p(90)": 6552.51772,
            "p(95)": 7278.227814999999
        },
        "vus": {
            "value": 1,
            "min": 0,
            "max": 2959
        }
    },
    "root_group": {
        "checks": {
            "200 OK": {
                "path": "::200 OK",
                "id": "e9654c443eff553da9e69eda7007924e",
                "passes": 3000,
                "fails": 0,
                "name": "200 OK"
            },
            "201 Created": {
                "name": "201 Created",
                "path": "::201 Created",
                "id": "728dcd977aae263ca314731145e1d447",
                "passes": 0,
                "fails": 3000
            },
            "204 No Content": {
                "name": "204 No Content",
                "path": "::204 No Content",
                "id": "54fa3c2eda34e1622fda2da5e0479fc5",
                "passes": 0,
                "fails": 3000
            },
            "400 Bad Request": {
                "name": "400 Bad Request",
                "path": "::400 Bad Request",
                "id": "eeae81934b9b58bccaf0184a6d070338",
                "passes": 0,
                "fails": 3000
            },
            "401 Unauthorized": {
                "fails": 3000,
                "name": "401 Unauthorized",
                "path": "::401 Unauthorized",
                "id": "6ae9254e6aefe7f0bafe5102fa7e20a5",
                "passes": 0
            },
            "403 Forbidden": {
                "fails": 3000,
                "name": "403 Forbidden",
                "path": "::403 Forbidden",
                "id": "655548b761742c5a7ad15aa7df3a5d9c",
                "passes": 0
            },
            "404 Not Found": {
                "name": "404 Not Found",
                "path": "::404 Not Found",
                "id": "df1528f9925ca236bac51008f77b774a",
                "passes": 0,
                "fails": 3000
            },
            "429 Too Many Requests": {
                "id": "b810c35b9499cc7342fd415032e3a6aa",
                "passes": 0,
                "fails": 3000,
                "name": "429 Too Many Requests",
                "path": "::429 Too Many Requests"
            },
            "500 Internal Server Error": {
                "id": "3cd96245b24e869810efe46d533b0eef",
                "passes": 0,
                "fails": 3000,
                "name": "500 Internal Server Error",
                "path": "::500 Internal Server Error"
            },
            "502 Bad Gateway": {
                "fails": 3000,
                "name": "502 Bad Gateway",
                "path": "::502 Bad Gateway",
                "id": "712cb0ec189a11f31f0d6d0c0031b569",
                "passes": 0
            },
            "503 Service Unavailable": {
                "path": "::503 Service Unavailable",
                "id": "f1ea1a22be0dc738c385523a66ea1cd9",
                "passes": 0,
                "fails": 3000,
                "name": "503 Service Unavailable"
            },
            "504 Gateway Timeout": {
                "name": "504 Gateway Timeout",
                "path": "::504 Gateway Timeout",
                "id": "218efb729cb654723ccd57c6ebbebe29",
                "passes": 0,
                "fails": 3000
            }
        },
        "name": "",
        "path": "",
        "id": "d41d8cd98f00b204e9800998ecf8427e",
        "groups": {}
    }
}