{
    "metrics": {
        "http_req_blocked": {
            "max": 2185.7673,
            "p(90)": 1386.48262,
            "p(95)": 1606.4546899999998,
            "avg": 914.6434137000002,
            "min": 247.3084,
            "med": 799.8019999999999
        },
        "http_req_receiving": {
            "avg": 0.20872010000000013,
            "min": 0,
            "med": 0,
            "max": 15.7168,
            "p(90)": 0.51836,
            "p(95)": 0.6364299999999999
        },
        "http_req_duration": {
            "min": 26942.7001,
            "med": 34930.71525,
            "max": 40494.5418,
            "p(90)": 39690.07211,
            "p(95)": 39879.92897,
            "avg": 35502.243805400045
        },
        "http_req_duration{expected_response:true}": {
            "p(90)": 39690.07211,
            "p(95)": 39879.92897,
            "avg": 35502.243805400045,
            "min": 26942.7001,
            "med": 34930.71525,
            "max": 40494.5418
        },
        "data_received": {
            "count": 4025000,
            "rate": 96512.94092629437
        },
        "checks": {
            "passes": 1000,
            "fails": 11000,
            "value": 0.08333333333333333
        },
        "data_sent": {
            "count": 1050997893,
            "rate": 25201216.785284188
        },
        "iterations": {
            "count": 1000,
            "rate": 23.97837041647065
        },
        "http_reqs": {
            "count": 1000,
            "rate": 23.97837041647065
        },
        "vus_max": {
            "value": 1000,
            "min": 1000,
            "max": 1000
        },
        "iteration_duration": {
            "p(90)": 40704.40714,
            "p(95)": 41086.147195,
            "avg": 36614.301578,
            "min": 27759.5625,
            "med": 36139.5165,
            "max": 41553.3646
        },
        "http_req_connecting": {
            "avg": 435.5699569999994,
            "min": 11.996,
            "med": 425.6311,
            "max": 1747.4659,
            "p(90)": 597.39738,
            "p(95)": 765.1405949999995
        },
        "http_req_sending": {
            "max": 2242.1024,
            "p(90)": 1757.004,
            "p(95)": 1875.6641200000001,
            "avg": 1238.3359626000006,
            "min": 399.8257,
            "med": 1159.6296
        },
        "http_req_failed": {
            "passes": 0,
            "fails": 1000,
            "value": 0
        },
        "http_req_tls_handshaking": {
            "avg": 422.25837860000007,
            "min": 0,
            "med": 369.23220000000003,
            "max": 1879.8138,
            "p(90)": 493.81088000000005,
            "p(95)": 963.9340699999998
        },
        "vus": {
            "min": 166,
            "max": 1000,
            "value": 166
        },
        "http_req_waiting": {
            "p(90)": 38507.692129999996,
            "p(95)": 38721.823705,
            "avg": 34263.69912269999,
            "min": 25109.605,
            "med": 33846.31685,
            "max": 39581.4625
        }
    },
    "root_group": {
        "name": "",
        "path": "",
        "id": "d41d8cd98f00b204e9800998ecf8427e",
        "groups": {},
        "checks": {
                "200 OK": {
                    "id": "e9654c443eff553da9e69eda7007924e",
                    "passes": 1000,
                    "fails": 0,
                    "name": "200 OK",
                    "path": "::200 OK"
                },
                "201 Created": {
                    "name": "201 Created",
                    "path": "::201 Created",
                    "id": "728dcd977aae263ca314731145e1d447",
                    "passes": 0,
                    "fails": 1000
                },
                "204 No Content": {
                    "path": "::204 No Content",
                    "id": "54fa3c2eda34e1622fda2da5e0479fc5",
                    "passes": 0,
                    "fails": 1000,
                    "name": "204 No Content"
                },
                "400 Bad Request": {
                    "fails": 1000,
                    "name": "400 Bad Request",
                    "path": "::400 Bad Request",
                    "id": "eeae81934b9b58bccaf0184a6d070338",
                    "passes": 0
                },
                "401 Unauthorized": {
                    "path": "::401 Unauthorized",
                    "id": "6ae9254e6aefe7f0bafe5102fa7e20a5",
                    "passes": 0,
                    "fails": 1000,
                    "name": "401 Unauthorized"
                },
                "403 Forbidden": {
                    "id": "655548b761742c5a7ad15aa7df3a5d9c",
                    "passes": 0,
                    "fails": 1000,
                    "name": "403 Forbidden",
                    "path": "::403 Forbidden"
                },
                "404 Not Found": {
                    "name": "404 Not Found",
                    "path": "::404 Not Found",
                    "id": "df1528f9925ca236bac51008f77b774a",
                    "passes": 0,
                    "fails": 1000
                },
                "429 Too Many Requests": {
                    "path": "::429 Too Many Requests",
                    "id": "b810c35b9499cc7342fd415032e3a6aa",
                    "passes": 0,
                    "fails": 1000,
                    "name": "429 Too Many Requests"
                },
                "500 Internal Server Error": {
                    "name": "500 Internal Server Error",
                    "path": "::500 Internal Server Error",
                    "id": "3cd96245b24e869810efe46d533b0eef",
                    "passes": 0,
                    "fails": 1000
                },
                "502 Bad Gateway": {
                    "name": "502 Bad Gateway",
                    "path": "::502 Bad Gateway",
                    "id": "712cb0ec189a11f31f0d6d0c0031b569",
                    "passes": 0,
                    "fails": 1000
                },
                "503 Service Unavailable": {
                    "passes": 0,
                    "fails": 1000,
                    "name": "503 Service Unavailable",
                    "path": "::503 Service Unavailable",
                    "id": "f1ea1a22be0dc738c385523a66ea1cd9"
                },
                "504 Gateway Timeout": {
                    "name": "504 Gateway Timeout",
                    "path": "::504 Gateway Timeout",
                    "id": "218efb729cb654723ccd57c6ebbebe29",
                    "passes": 0,
                    "fails": 1000
                }
            }
    }
}