{
    "metrics": {
        "http_reqs": {
            "count": 3000,
            "rate": 1180.3715542101768
        },
        "http_req_sending": {
            "p(95)": 2.0012049999999997,
            "avg": 0.5351792999999998,
            "min": 0,
            "med": 0,
            "max": 31.911,
            "p(90)": 1.01471
        },
        "http_req_receiving": {
            "p(95)": 152.11634499999994,
            "avg": 31.253544433333175,
            "min": 0,
            "med": 9.48565,
            "max": 1604.9794,
            "p(90)": 36.33832999999999
        },
        "data_received": {
            "count": 349951788,
            "rate": 137691045.30006343
        },
        "iterations": {
            "count": 3000,
            "rate": 1180.3715542101768
        },
        "vus_max": {
            "value": 3000,
            "min": 2380,
            "max": 3000
        },
        "http_req_waiting": {
            "avg": 817.8121003666645,
            "min": 10.9999,
            "med": 798.6022499999999,
            "max": 1589.8072,
            "p(90)": 1209.3939500000001,
            "p(95)": 1313.909545
        },
        "http_req_connecting": {
            "avg": 196.31344740000048,
            "min": 153.8094,
            "med": 185.6705,
            "max": 367.2833,
            "p(90)": 235.0966,
            "p(95)": 245.22696999999994
        },
        "checks": {
            "passes": 3000,
            "fails": 33000,
            "value": 0.08333333333333333
        },
        "http_req_duration": {
            "avg": 849.6008240999986,
            "min": 19.5003,
            "med": 843.8413,
            "max": 1629.4614,
            "p(90)": 1226.7047300000002,
            "p(95)": 1330.582665
        },
        "http_req_duration{expected_response:true}": {
            "avg": 849.6008240999986,
            "min": 19.5003,
            "med": 843.8413,
            "max": 1629.4614,
            "p(90)": 1226.7047300000002,
            "p(95)": 1330.582665
        },
        "http_req_failed": {
            "passes": 0,
            "fails": 3000,
            "value": 0
        },
        "data_sent": {
            "count": 2760768,
            "rate": 1086244.0049912406
        },
        "http_req_tls_handshaking": {
            "med": 482.5588,
            "max": 1491.8399,
            "p(90)": 523.0856600000001,
            "p(95)": 540.434135,
            "avg": 441.0622322666655,
            "min": 4.9964
        },
        "vus": {
            "value": 1860,
            "min": 0,
            "max": 3000
        },
        "iteration_duration": {
            "avg": 1658.1712722666657,
            "min": 1000.2691,
            "med": 1654.0808499999998,
            "max": 2465.5674,
            "p(90)": 2127.37446,
            "p(95)": 2227.1179949999996
        },
        "http_req_blocked": {
            "avg": 762.2514892,
            "min": 281.8275,
            "med": 840.0912,
            "max": 1791.0479,
            "p(90)": 932.5968,
            "p(95)": 949.8599499999999
        }
    },
    "root_group": {
        "name": "",
        "path": "",
        "id": "d41d8cd98f00b204e9800998ecf8427e",
        "groups": {},
        "checks": {
                "200 OK": {
                    "passes": 3000,
                    "fails": 0,
                    "name": "200 OK",
                    "path": "::200 OK",
                    "id": "e9654c443eff553da9e69eda7007924e"
                },
                "201 Created": {
                    "fails": 3000,
                    "name": "201 Created",
                    "path": "::201 Created",
                    "id": "728dcd977aae263ca314731145e1d447",
                    "passes": 0
                },
                "204 No Content": {
                    "name": "204 No Content",
                    "path": "::204 No Content",
                    "id": "54fa3c2eda34e1622fda2da5e0479fc5",
                    "passes": 0,
                    "fails": 3000
                },
                "400 Bad Request": {
                    "name": "400 Bad Request",
                    "path": "::400 Bad Request",
                    "id": "eeae81934b9b58bccaf0184a6d070338",
                    "passes": 0,
                    "fails": 3000
                },
                "401 Unauthorized": {
                    "passes": 0,
                    "fails": 3000,
                    "name": "401 Unauthorized",
                    "path": "::401 Unauthorized",
                    "id": "6ae9254e6aefe7f0bafe5102fa7e20a5"
                },
                "403 Forbidden": {
                    "fails": 3000,
                    "name": "403 Forbidden",
                    "path": "::403 Forbidden",
                    "id": "655548b761742c5a7ad15aa7df3a5d9c",
                    "passes": 0
                },
                "404 Not Found": {
                    "name": "404 Not Found",
                    "path": "::404 Not Found",
                    "id": "df1528f9925ca236bac51008f77b774a",
                    "passes": 0,
                    "fails": 3000
                },
                "429 Too Many Requests": {
                    "name": "429 Too Many Requests",
                    "path": "::429 Too Many Requests",
                    "id": "b810c35b9499cc7342fd415032e3a6aa",
                    "passes": 0,
                    "fails": 3000
                },
                "500 Internal Server Error": {
                    "name": "500 Internal Server Error",
                    "path": "::500 Internal Server Error",
                    "id": "3cd96245b24e869810efe46d533b0eef",
                    "passes": 0,
                    "fails": 3000
                },
                "502 Bad Gateway": {
                    "id": "712cb0ec189a11f31f0d6d0c0031b569",
                    "passes": 0,
                    "fails": 3000,
                    "name": "502 Bad Gateway",
                    "path": "::502 Bad Gateway"
                },
                "503 Service Unavailable": {
                    "name": "503 Service Unavailable",
                    "path": "::503 Service Unavailable",
                    "id": "f1ea1a22be0dc738c385523a66ea1cd9",
                    "passes": 0,
                    "fails": 3000
                },
                "504 Gateway Timeout": {
                    "name": "504 Gateway Timeout",
                    "path": "::504 Gateway Timeout",
                    "id": "218efb729cb654723ccd57c6ebbebe29",
                    "passes": 0,
                    "fails": 3000
                }
            }
    }
}