{
    "metrics": {
        "vus": {
            "max": 4500,
            "value": 1,
            "min": 0
        },
        "iterations": {
            "count": 4500,
            "rate": 293.0565543990234
        },
        "http_req_tls_handshaking": {
            "p(95)": 380.363,
            "avg": 122.36465402222181,
            "min": 0,
            "med": 57.156949999999995,
            "max": 1481.4813,
            "p(90)": 329.53279
        },
        "http_req_waiting": {
            "min": 7.7151,
            "med": 436.64554999999996,
            "max": 3360.2235,
            "p(90)": 1447.7081,
            "p(95)": 1788.68089,
            "avg": 620.6488901999987
        },
        "vus_max": {
            "value": 4500,
            "min": 2525,
            "max": 4500
        },
        "data_received": {
            "count": 18346500,
            "rate": 1194791.5722848184
        },
        "http_req_sending": {
            "max": 5185.6007,
            "p(90)": 1693.28867,
            "p(95)": 1878.64352,
            "avg": 629.2118965999991,
            "min": 20.8477,
            "med": 376.46349999999995
        },
        "data_sent": {
            "count": 4729602393,
            "rate": 308009106.8822124
        },
        "http_req_duration{expected_response:true}": {
            "min": 37.999,
            "med": 1098.667,
            "max": 5246.8955,
            "p(90)": 2534.7692899999997,
            "p(95)": 2931.6163900000015,
            "avg": 1250.0123573333335
        },
        "http_req_receiving": {
            "p(90)": 0.014539999999999872,
            "p(95)": 0.9718100000000036,
            "avg": 0.15157053333333323,
            "min": 0,
            "med": 0,
            "max": 145.9544
        },
        "http_reqs": {
            "count": 4500,
            "rate": 293.0565543990234
        },
        "iteration_duration": {
            "avg": 1820.7932162222173,
            "min": 1000.1821,
            "med": 1537.8571499999998,
            "max": 6136.2593,
            "p(90)": 3114.9173299999998,
            "p(95)": 3513.114235000001
        },
        "checks": {
            "passes": 4500,
            "fails": 49500,
            "value": 0.08333333333333333
        },
        "http_req_blocked": {
            "p(90)": 821.70545,
            "p(95)": 927.587,
            "avg": 304.32038397777814,
            "min": 0,
            "med": 129.28089999999997,
            "max": 3318.0294
        },
        "http_req_connecting": {
            "p(90)": 506.2323,
            "p(95)": 610.8510850000001,
            "avg": 180.97808831111146,
            "min": 0,
            "med": 36.353049999999996,
            "max": 3215.8333
        },
        "http_req_duration": {
            "avg": 1250.0123573333335,
            "min": 37.999,
            "med": 1098.667,
            "max": 5246.8955,
            "p(90)": 2534.7692899999997,
            "p(95)": 2931.6163900000015
        },
        "http_req_failed": {
            "passes": 0,
            "fails": 4500,
            "value": 0
        }
    },
    "root_group": {
        "groups": {},
        "checks": {
                "200 OK": {
                    "passes": 4500,
                    "fails": 0,
                    "name": "200 OK",
                    "path": "::200 OK",
                    "id": "e9654c443eff553da9e69eda7007924e"
                },
                "201 Created": {
                    "passes": 0,
                    "fails": 4500,
                    "name": "201 Created",
                    "path": "::201 Created",
                    "id": "728dcd977aae263ca314731145e1d447"
                },
                "204 No Content": {
                    "name": "204 No Content",
                    "path": "::204 No Content",
                    "id": "54fa3c2eda34e1622fda2da5e0479fc5",
                    "passes": 0,
                    "fails": 4500
                },
                "400 Bad Request": {
                    "fails": 4500,
                    "name": "400 Bad Request",
                    "path": "::400 Bad Request",
                    "id": "eeae81934b9b58bccaf0184a6d070338",
                    "passes": 0
                },
                "401 Unauthorized": {
                    "name": "401 Unauthorized",
                    "path": "::401 Unauthorized",
                    "id": "6ae9254e6aefe7f0bafe5102fa7e20a5",
                    "passes": 0,
                    "fails": 4500
                },
                "403 Forbidden": {
                    "name": "403 Forbidden",
                    "path": "::403 Forbidden",
                    "id": "655548b761742c5a7ad15aa7df3a5d9c",
                    "passes": 0,
                    "fails": 4500
                },
                "404 Not Found": {
                    "path": "::404 Not Found",
                    "id": "df1528f9925ca236bac51008f77b774a",
                    "passes": 0,
                    "fails": 4500,
                    "name": "404 Not Found"
                },
                "429 Too Many Requests": {
                    "id": "b810c35b9499cc7342fd415032e3a6aa",
                    "passes": 0,
                    "fails": 4500,
                    "name": "429 Too Many Requests",
                    "path": "::429 Too Many Requests"
                },
                "500 Internal Server Error": {
                    "name": "500 Internal Server Error",
                    "path": "::500 Internal Server Error",
                    "id": "3cd96245b24e869810efe46d533b0eef",
                    "passes": 0,
                    "fails": 4500
                },
                "502 Bad Gateway": {
                    "fails": 4500,
                    "name": "502 Bad Gateway",
                    "path": "::502 Bad Gateway",
                    "id": "712cb0ec189a11f31f0d6d0c0031b569",
                    "passes": 0
                },
                "503 Service Unavailable": {
                    "fails": 4500,
                    "name": "503 Service Unavailable",
                    "path": "::503 Service Unavailable",
                    "id": "f1ea1a22be0dc738c385523a66ea1cd9",
                    "passes": 0
                },
                "504 Gateway Timeout": {
                    "fails": 4500,
                    "name": "504 Gateway Timeout",
                    "path": "::504 Gateway Timeout",
                    "id": "218efb729cb654723ccd57c6ebbebe29",
                    "passes": 0
                }
            },
        "name": "",
        "path": "",
        "id": "d41d8cd98f00b204e9800998ecf8427e"
    }
}